AcctNum,Name,Type,TypeDesc,Addr1,Addr2,City,State,Zip,County,Phone,ChrNameLast,ChrNameFirst,ChrNameMiddle,TrsNameLast,TrsNameFirst,TrsNameMiddle
74932,Accountability in Government,ECO,Electioneering Communications Organization,3116 CORAL RIDGE DRIVE,,CORAL SPRINGS,FL,33065,Broward,9545938826,Rose,Amy,,Rose,Amy,
55417,"Accountability Watchdog, ECO",ECO,Electioneering Communications Organization,10680 PBA Memorial Boulevard,,Miami,FL,33172,Miami-Dade,3055930044,Stahl,Steadman,,Stahl,Steadman,
88575,Affordable Living Florida,ECO,Electioneering Communications Organization,2602 Lounsbury Court,,Kissimmee,FL,34746,Osceola,4072421870,Kaplan,Douglas,Joseph,Kaplan,Douglas,Joseph
54534,Common Sense,ECO,Electioneering Communications Organization,Post Office Box 1701,,Tallahassee,FL,323021701,Leon,8505674878,Herron,Mark,,Herron,Mark,
73856,Community Voice,ECO,Electioneering Communications Organization,Post Office Box 122,,Tallahassee,FL,32302,Leon,3056084300,Camara,Christian,,Camara,Christian,
88729,"Election Integrity Brigade of Miami-Dade County, Florida, Inc.",ECO,Electioneering Communications Organization,"5335 NW 87th Ave, Suite C-109",,Doral,FL,33178,Miami-Dade,3059022016,Vidal,Eduardo,,Williams,Sean,
88450,Family Focused Better Together,ECO,Electioneering Communications Organization,2330 Southwest Williston Road,Suite 611,Gainesville,FL,32608,Alachua,3253393216,Fink,Gregory,,Fink,Gregory,
88676,Florida True,ECO,Electioneering Communications Organization,2330 SW Williston Road,Suite 611,Gainesville,FL,32608,Alachua,3523393216,Fink,Greg,,Fink,Greg,
84351,Florida Votes Project,ECO,Electioneering Communications Organization,12865 West Dixie Highway,Suite 102,North Miami,FL,33161,Miami-Dade,3054699069,Hilliard,Randall,,Hilliard,Randall,
54504,Floridians for Fiscal Responsibility,ECO,Electioneering Communications Organization,Post Office Box 568926,,Orlando,FL,32856,Orange,4078589115,Dowless,John,,Dowless,John,
86792,Honesty and Integrity for Broward Citizens,ECO,Electioneering Communications Organization,1314 E. Las Olas Blvd,,Fort Lauderdale,FL,33301,Broward,9545938826,Rose,Amy,,Rose,Amy,
64730,"Keeping Citizens First, Inc.",ECO,Electioneering Communications Organization,9200 Belvedere Road,Suite 202,West Palm Beach,FL,33411,Palm Beach,5616899787,Asnani,Rick,,LeeBove,Kim,
83939,Leaders We Trust,ECO,Electioneering Communications Organization,4914 SW 72 Avenue,,Miami,FL,33155,Miami-Dade,3054450777,Gongora,Michael,,Riesco,Jose,A
55213,Nature Coast Conservatives,ECO,Electioneering Communications Organization,6352 Glasgow Drive,,Tallahassee,FL,32312,Leon,8504430243,Zubaly,Mark,,Zubaly,Mark,
69713,Pets Vote,ECO,Electioneering Communications Organization,308 NE 26th Drive,,Wilton Manors,FL,33334,Broward,9544456830,Donahue,Megan,,Donahue,Megan,
83720,Priestly Jackson For Neighbors,ECO,Electioneering Communications Organization,221 N HOGAN ST #506,,Jacksonville,FL,32202,Duval,9047120101,Jackson,Malik,Shabazz,Jackson,Malik,Shabazz
60740,Taxpayers for Public Integrity,ECO,Electioneering Communications Organization,2101 Vista Parkway,Suite 204,West Palm Beach,FL,33411,Broward,5613517869,Nelson,Francine,P.,Nelson,Francine,P.
54536,Voters Response,ECO,Electioneering Communications Organization,120 South Monroe Street,,Tallahassee,FL,32301,Leon,8507277087,Ramba,David,,Ramba,David,
83594,1199 Service Employees Int'l Union Federal Political Action Fund,IXO,Independent Expenditures Organization,c/o Alexander Rabb,"80 Eighth Ave, 8th Floor",New York,NY,100117175,,2126278100,Schaub,Helen,,,,
88737,AAPLOG Action,IXO,Independent Expenditures Organization,"1025 W. Rudisill Blvd, Box 28",,Fort Wayne,IN,46807,,2022300997,Weaver,Rebecca,,,,
60058,AARP Campaigns,IXO,Independent Expenditures Organization,999 Peachtree Street NE,,Atlanta,GA,30309,,8662957281,Brown,William,F.,,,
73750,American Cancer Society Cancer Action Network,IXO,Independent Expenditures Organization,"555 11th Street, NW",Suite 300,Washington,DC,20004,,9049073470,Hull,Paul,,Hull,Paul,
73817,"American Federation of State, County and Municipal Employees (AFSCME)",IXO,Independent Expenditures Organization,"1625 L Street, NW",,Washington,DC,200365687,,2024291000,McBride,Elissa,,,,
73967,American Federation of Teachers-Solidarity,IXO,Independent Expenditures Organization,"555 New Jersey Avenue, NW",,Washington,DC,20001,Leon,2022536453,Moskwa,Shelly,,,,
83584,American Police Officers Alliance,IXO,Independent Expenditures Organization,7901 4th Street North,Suite 300,St Petersburg,FL,33702,Pinellas,8132791775,Stuebs,Daniel,D.,Stuebs,Daniel,D.
69472,Americans for Tax Reform,IXO,Independent Expenditures Organization,"722 12th Street, NW, #400",,Washington,DC,20005,,2024660750,Butler,Christopher,,,,
88734,Atlantic Beach Perservation,IXO,Independent Expenditures Organization,1938 Beachside Court,,Atlantic Beach,FL,32233,Duval,9044726262,Glasser,Ellen,,,,
88731,CatholicVote.org Civic Action,IXO,Independent Expenditures Organization,PO Box 3310,,Carmel,IN,46082,,,Burch,Brian,,,,
51312,"Charles K. Windes, Jr.",IXO,Independent Expenditures Organization,Post Office Box 632,,Destin,FL,32540,Okaloosa,,Windes Jr.,Charles,K.,Windes Jr.,Charles,K.
69462,Climate Reality Action Fund,IXO,Independent Expenditures Organization,"750 9th Street, NW, Suite 520",,Washington,DC,20001,,2025676835,Jenkins,David,,,,
79017,"Craig Lichtblau, M.D.",IXO,Independent Expenditures Organization,750 Ocean Royal,PH 5,Juno Beach,FL,33408,,5618423694,Lichtblau,Craig,,,,
69413,Environmental Defense Action Fund,IXO,Independent Expenditures Organization,257 Park Avenue South,17th Floor,New York,NY,10100,,2126161205,Ortiz,Carmen,,,,
42042,"Florida Family Associationn, Inc.",IXO,Independent Expenditures Organization,,,,,,,,Caton,David,,,,
41467,Florida Hospital Association,IXO,Independent Expenditures Organization,306 East College Avenue,,Tallahassee,FL,323011522,Leon,,Miller,J.,Daniel,Owens,Frances,J.
50116,Florida Solar Energy Industries Association (FlaSEIA),IXO,Independent Expenditures Organization,231 West Bay Avenue,,Longwood,FL,327504125,Seminole,,Kershner,R.,Bruce,,,
73671,Freedom Council USA,IXO,Independent Expenditures Organization,228 South Washington Street,Suite 115,Alexandria,VA,22314,,7035497705,Satterfield,David,,,,
88651,Informed Church America,IXO,Independent Expenditures Organization,937 North Collier Blvd,,Marco Island,FL,34145,,6309578838,Stonebreaker,Jennifer,,,,
59891,John Donnelly,IXO,Independent Expenditures Organization,,,,,,,,Donnelly,John,,,,
41409,John E. 'Ted' Carter Independent Expenditures,IXO,Independent Expenditures Organization,Post Office Box 345,,Tavernier,FL,330700000,Monroe,,No Chairman Designated,,,Carter,John,E. 'Ted'
44833,Johnnie Byrd,IXO,Independent Expenditures Organization,,,,,,,,Byrd,Johnnie,,Byrd,Johnnie,
44846,"L. Charels Hilton, Jr.",IXO,Independent Expenditures Organization,4116 North Highway 231,,Panama City,FL,324040000,Bay,8507854675,Hilton Jr.,L.,Charles,Hilton Jr.,L.,Charles
49897,Lynne Hankins Fielder,IXO,Independent Expenditures Organization,Post Office Box 420973,,Summerland Key,FL,330420973,,3058725000,Fielder,Lynne,Hankins,Fielder,Lynn,Hankins
64289,M.C.  Davis,IXO,Independent Expenditures Organization,4405 Commons Drive East,Suite 301,Destin,FL,32541,,8504243240,Davis,M.C.,,Davis,M.C.,
41377,Martin County Education Association,IXO,Independent Expenditures Organization,668 SE Monterey Road,,Stuart,FL,349940000,Martin,,No Chairman Designated,,,Scruggs,Joyce,
41380,National Right to Life Committee,IXO,Independent Expenditures Organization,512 10th Street NW,,Washington,DC,200040000,,,O'Steen,David,N.,Natividad,Amarie,C.
79002,New Florida Majority,IXO,Independent Expenditures Organization,10800 Biscayne Boulevard,Suite 1050,Miami,FL,33161,,3057540118,Simmons,Victricia,,,,
88594,New Southern Majority IE PAC,IXO,Independent Expenditures Organization,150 East Ponce de Leon Avenue,Suite 340,Decatur,GA,30030,,9543037202,Mercado,Andrea,,,,
69456,Outfront Media LLC,IXO,Independent Expenditures Organization,2350 Kerner Blvd.,Suite 250,San Rafael,CA,94901,Hillsborough,4153896800,Shuford,Brian,,,,
41461,Paul V. Sims,IXO,Independent Expenditures Organization,1809 St. Andrews Blvd,,Panama City,FL,324050000,Bay,,Sims,Paul,V.,,,
73795,People for the American Way,IXO,Independent Expenditures Organization,"1101 15th Street, Northwest",Suite 600,Washington,DC,20005,,2024672399,Laviolette,Diane,,,,
79001,Progress Florida,IXO,Independent Expenditures Organization,200 2nd Avenue South #808,,St. Petersburg,FL,33701,,7272892612,Ferrulo,Mark,,,,
83589,Protecting Americans Project Action Fund,IXO,Independent Expenditures Organization,1390 Chain Bridge Road,Suite 515,McLean,VA,22101,,8407239455,Johnson,Melodie,,Johnson,Melodie,
41635,Remeber The Lottery/ Strategic Technology,IXO,Independent Expenditures Organization,401 SE 12th Street,,Fort Lauderdale,FL,333160000,Broward,9545244963,Lewis,Daniel,,,,
83500,RSLC - Florida,IXO,Independent Expenditures Organization,Post Office Box 772516,,Miami,FL,33177,,2024485160,Jorge-Tunon,Edith,,,,
41674,"SEIU, Local 8, Independent Expenditures",IXO,Independent Expenditures Organization,7001 Lake Ellenor Drive,Suite 130,Orlando,FL,328095792,Orange,4078565828,Church,Van,E.,Church,Van,E.
54734,Sierra Club,IXO,Independent Expenditures Organization,2101 Webster St.,Suite 1300,Oakland,CA,94612,Duval,9042471876,Larson,Thomas,C.,Larson,Thomas,C.
88728,Social Equity Through Education Alliance,IXO,Independent Expenditures Organization,935 N Beneva Rd,Suite 609 #103,Sarasota,FL,34232,Sarasota,9419614387,Dennison,Anna,,Dennison,Anna,
83501,Support Our Schools USA Inc.,IXO,Independent Expenditures Organization,622 Siesta Drive,,Sarasota,FL,34242,,9417408155,Schurr,Lisa,,,,
69474,The Aliance for Solar Choice (TASC),IXO,Independent Expenditures Organization,"595 Market Street, 29th Floor",,San Francisco,CA,94105,,3362133545,Grinstead,Tyson,,,,
69510,The Alliance for Climate Protection,IXO,Independent Expenditures Organization,"750 9th Street, NW",Suite 520,Washington,DC,20001,,2025676837,LaVallee,Vanessa,,,,
73863,The Miami Foundation,IXO,Independent Expenditures Organization,40 NW 3rd Street,Suite 305,Miami,FL,331281838,,3053712711,Soto,Javier,Alberto,,,
60071,The National Women's Law Center,IXO,Independent Expenditures Organization,"11 Dupont Circle, Suite 800",,Washington,DC,20036,,2025885180,Martin,Emily,J.,,,
69383,The Nature Conservancy,IXO,Independent Expenditures Organization,2500 Maitland Center Parkway,Suite 311,Maitland,FL,32751,,4976823664,Bang,Eppie,,,,
83596,Turning Point PAC Inc,IXO,Independent Expenditures Organization,4930 East Beverly Road,Suite 2000,Phoenix,AZ,85044,,2407239455,Johnson,Melodie,,,,
83557,WOMEN SPEAK OUT PAC,IXO,Independent Expenditures Organization,2776 S. Arlington Mill Drive,# 803,Arlington,VA,22206,,7035774407,Gross,Jennifer,,,,
88616,Working Families Party PAC,IXO,Independent Expenditures Organization,77 Sands Street,,Brooklyn,NY,11201,,,Boland,Mike,,Boland,Mike,
78954,1 South Dade,PAC,Political Committee,6619 South Dixie Highway #148,,Miami,FL,33143,Miami-Dade,7863093489,McGhee,Kionne,,Maggiolo,Gloria,
83813,1000 Jews of Florida,PAC,Political Committee,527 East Park Avenue,,Tallahassee,FL,32301,Leon,8504041000,Kilman,Jonathan,,Lowell,Paul,
61018,1199 SEIU Florida Political Committee,PAC,Political Committee,2881 Corporate Way,,Miramar,FL,33025,Miami-Dade,5612297387,Nelson,Roxey,,Jones,Coyuca,
69834,1845,PAC,Political Committee,P. O. Box 20252,,St. Petersburg,FL,33742,,,Whitson,Marisa,,Jodoin,Jamie,C.
80489,1st Coast Conservatives United,PAC,Political Committee,P. O. Box 20252,,St. Petersburg,FL,33742,Leon,,Ripley,Teresa,,Jodoin,Jamie,C.
69971,21st Century Public Servant,PAC,Political Committee,115 East Park Avenue,Suite 1,Tallahassee,FL,32301,Leon,3522755004,Jones,William,S.,Jones,William,S.
73713,27th State,PAC,Political Committee,613 Oleander Drive,,Hallandale Beach,FL,33009,Broward,9544943182,London,Keith,S.,London,Keith,S.
93205,3 Degrees Florida,PAC,Political Committee,120 South Monroe Street,,Tallahassee,FL,32301,Leon,8507277087,Strickland,Derek,,Ramba,David,E.
61429,67 Florida,PAC,Political Committee,527 East Park Avenue,,Tallahassee,FL,32301,Leon,8504041000,Drake,Brad,,Fenner,Noreen,A.
60694,78 Political Committee,PAC,Political Committee,2153 West Oak Ridge Road,,Orlando,FL,32809,Orange,4078523977,Jones,Richard,,Thompson,Terrance,
89764,A Better Burg,PAC,Political Committee,Post Office Box 20252,,St. Petersburg,FL,33742,Pinellas,7278955298,Lynch,Maryann,,Jodoin,Jamie,C.
89232,A Better FL is Possible,PAC,Political Committee,5320 10th Street North,,St. Petersburg,FL,33703,Pinellas,7274014581,Carey,Nicholas,,Price,Marley,
89270,A Better Florida for America,PAC,Political Committee,"1931 Cordova Road, Suite 2016",,Fort Lauderdale,FL,33316,Broward,2027630143,Brown,Yolanda,,Brown,Yolanda,
79386,A Better Future for Florida,PAC,Political Committee,Post Office Box 1701,,Tallahassee,FL,32302,Leon,8505674878,Herron,Mark,,Herron,Mark,
83748,A Better Miami,PAC,Political Committee,Post Office Box 122,,Tallahassee,FL,32302,Leon,7862305085,Herrero,Miguel,Angel,Camara,Christian,R.
75161,A Better Sarasota,PAC,Political Committee,1515 Ringling Boulevard,Suite 530,Sarasota,FL,34236,Sarasota,9412006551,Schleicher,Joel,,Robinson,Eric,
83742,A Better South Florida,PAC,Political Committee,Post Office Box 936131,,Margate,FL,33093,Broward,9548062077,Goldman,Matthew,T,Jodoin,Jamie,C
79906,A Better St. Johns,PAC,Political Committee,1509 East 9th Avenue,,Tampa,FL,33605,Hillsborough,8135230326,Kendust,Rick,,White,Wendy,
89972,A Better Tomorrow,PAC,Political Committee,Post Office Box 30295,,Fort Lauderdale,FL,33303,Broward,9547670300,Straker,Kesiza,,Blank,Jason,B.
74667,A Bold Florida Future,PAC,Political Committee,115 East Park Avenue,Suite 1,Tallahassee,FL,32301,Leon,3522755004,Jones,William,S.,Jones,William,S.
74487,A Bolder Florida,PAC,Political Committee,4914 SW 72 Avenue,,Miami,FL,33155,Miami-Dade,3054450777,Rodriguez,Anthony,,Riesco,Jose,
84576,A Bright Future For Hollywood,PAC,Political Committee,Post Office Box 30295,,Fort Lauderdale,FL,33303,Broward,9547670300,Nizel,Harris,,Blank,Jason,B.
69291,A Healthier St. Johns,PAC,Political Committee,527 East Park Avenue,,Tallahassee,FL,323010000,St. Johns,8504041000,DeVooght,Carlton,,Fenner,Noreen,A.
84678,"A Healthier, More Equal Florida",PAC,Political Committee,Post Office Box 30265,,Fort Lauderdale,FL,33303,Broward,9547670300,Fischman,Andrew,,Blank,Jason,B.
89650,A New Brand of Florida,PAC,Political Committee,527 East Park Avenue,,Tallahassee,FL,32301,Leon,8504041000,Keiser,Andrea,,Fenner,Noreen,A.
84180,A New Hope For Tomorrow,PAC,Political Committee,Post Office Box 1701,,Tallahassee,FL,32302,Broward,8505674878,Jacobs,Rodney,,Herron,Mark,
88858,A New Way Forward,PAC,Political Committee,6619 South Dixie Highway,No 148,Miami,FL,33143,Miami-Dade,,McGhee,Kionne,,Maggiolo,Gloria,
89934,A Prosperous South Florida,PAC,Political Committee,Post Office Box 16153,,Plantation,FL,33318,Broward,7276324835,Hearn,Shomari,,Hearn,Shomari,
79454,A Safer Jacksonville For All,PAC,Political Committee,7749 Normandy Boulevard,NUM 121-805,Jacksonville,FL,32221,Duval,3522755004,Jones,William,S.,Jones,William,S.
89029,A Safer Miami Beach,PAC,Political Committee,Post Office Box 1543,,Miami Beach,FL,33119,Miami-Dade,9547670300,Fernandez,Alex,,Olsen,Brendan,
73736,A Seat at the Table,PAC,Political Committee,2909 Saint Johns Avenue #9A,,Jacksonville,FL,32205,Duval,8506613941,Green,Shelby,,Green,Shelby,
71120,A Stronger Florida,PAC,Political Committee,2640 Mitcham Drive,,Tallahassee,FL,32308,Leon,8508771099,Camm,Celeste,,Heitmeyer,Rich,
83508,A Stronger Jacksonville,PAC,Political Committee,527 East Park Avenue,,Tallahassee,FL,32301,Leon,8504041000,Ashley,David,,Fenner,Noreen,A
93206,A Stronger North Broward,PAC,Political Committee,Post Office Box 30295,,Fort Lauderdale,FL,33303,Broward,9547670300,Reiter,Ryan,,Blank,Jason,B.
80955,"A Sunny Tomorrow, Inc.",PAC,Political Committee,Post Office Box 30265,,Fort Lauderdale,FL,33303,Broward,9547670300,Blank,Jason,B.,Blank,Jason,B.
89536,A Vision Without Division,PAC,Political Committee,201 4th Street South #814,,St. Petersburg,FL,33701,Pinellas,7273080863,Balliet,Terri,Lee,Lopez,Luis,Fernando
84032,A-Ha!,PAC,Political Committee,Post Office Box 122,,Tallahassee,FL,32302,Leon,3056084300,Camara,Christian,R,Camara,Christian,R
61173,ABC Merit Shop PC,PAC,Political Committee,P.O. Box 880448,,Boca Raton,FL,33488,Broward,9549840075,Daugherty,Michele,,Bowen,Carol,
112,ABC PAC,PAC,Political Committee,3730 Coconut Creek Parkway,Suite 200,Coconut Creek,FL,33066,Broward,9549840075,Maken,Sonny,,Dyga,Peter,
62172,ABC-Florida First Coast Chapter PAC,PAC,Political Committee,8130 Baymeadows Way W,Suite 307,Jacksonville,FL,32256,Duval,9047311506,Rouse,Wendy,,Tucker,Karin,
75042,ABCD: Accountability = Better Community Direction,PAC,Political Committee,Post Office Box 244,,Englewood,FL,34295,Sarasota,9414510557,Brunni,Conni,,Brunni,Conni,
90639,Accountability First Leadership,PAC,Political Committee,1728 NE Miami Gardens Drive,#1122,North Miami Beach,FL,33179,Miami-Dade,7865292261,Su,Lynn,,Camara,Christian,R
90139,Accountability for Key West,PAC,Political Committee,1722 Northwest 80th Boulevard,Suite 90,Gainesville,FL,32606,Alachua,3522755004,Jones,William,S.,Jones,William,S.
79421,Accountability in Florida,PAC,Political Committee,Post Office Box 30295,,Fort Lauderdale,FL,33303,Broward,9547670300,Haber,Jason,H.,Blank,Jason,B.
66015,"Accountability In Government, Inc.",PAC,Political Committee,"115 East Park Avenue, Suite 1",,Tallahassee,FL,32301,Leon,3522755004,Jones,William,S.,Jones,William,S.
89080,ACEs Action Florida,PAC,Political Committee,527 East Park Avenue,,Tallahassee,FL,32301,Leon,8504041000,Spritz,Matt,,Fenner,Noreen,A.
60649,Action For Behavioral Healthcare,PAC,Political Committee,316 East Park Avenue,,Tallahassee,FL,32301,Leon,8502246048,Bell,Chet,,Ailes,Edwin,
73827,Action for Florida,PAC,Political Committee,2800 South Adams St Unit 5651,,Tallahassee,FL,32314,Leon,8506613941,Green,Shelby,,Green,Shelby,
74658,Actions Matter PC,PAC,Political Committee,Post Office Box 30295,,Fort Lauderdale,FL,33303,Broward,9547670300,Haber,Jason,H.,Blank,Jason,B.
79497,adVance Northwest Florida Values,PAC,Political Committee,Post Office Box 341,,Marianna,FL,32447,Jackson,8502095308,Coley,Vance,,Jodoin,Jamie,C
64840,Advancing Florida Agriculture,PAC,Political Committee,527 East Park Avenue,,Tallahassee,FL,32301,Leon,8504041000,Albritton,Ben,,Fenner,Noreen,A.
84509,Advancing Florida United,PAC,Political Committee,Post Office Box 1515,,Quincy,FL,32353,Gadsden,9044630377,NeSmith,Kimblin,E,Bradwell,Kurk,
88604,Advancing Physical Rehabilitation,PAC,Political Committee,527 East Park Avenue,,Tallahassee,FL,32301,Leon,8504041000,Jogerst,Brian,,Fenner,Noreen,A.
88669,Advancing Strong Governance,PAC,Political Committee,527 East Park Avenue,,Tallahassee,FL,32301,Leon,8504041000,Cleary,Kevin,,Fenner,Noreen,A.
85057,Advocates for All Children,PAC,Political Committee,527 East Park Avenue,,Tallahassee,FL,32301,Leon,8504041000,Gillette,Kathryn,,Fenner,Noreen,A.
60628,Advocates for Business Growth,PAC,Political Committee,1301 Riverplace Boulevard,Suite 1500,Jacksonville,FL,32207,Duval,9043465755,Hainline,T.,R.,Franklin Jr.,Fred,D.
83845,Advocates for Positive Patient Outcomes,PAC,Political Committee,5471 Spring Hill Drive,,Spring Hill,FL,34606,Hernando,3525962883,Woodruff,Randall,,Woodruff,Randall,
64778,Affectionately Building Communities PC,PAC,Political Committee,120 South Monroe Street,,Tallahassee,FL,32301,Leon,8507277087,Ramba,David,E.,Ramba,David,E.
84183,Affordable Florida,PAC,Political Committee,Post Office Box 10131,,Tallahassee,FL,32302,Leon,9548030231,Holroyd III,Robert,E,Fenner,Noreen,A.
93218,African American Conservative Alliance,PAC,Political Committee,"1334 Timberlane Road, Suite 15",,Tallahassee,FL,32312,Leon,8134177025,Brothers,Riley,,Brothers,Riley,
74842,AFSCME Council 79 Political Committee,PAC,Political Committee,700 S Royal Poinciana Blvd,Suite,Miami Springs,FL,33166,Leon,8502220842,Townsend,Dorothy,Y,Townsend,Dorothy,
61265,AFSCME Florida,PAC,Political Committee,"1625 L Street, NW",,Washington,DC,20036,Orange,2024291088,Saunders,Lee,,McBride,Elissa,
60629,AGC-FEC PAC,PAC,Political Committee,527 East Park Avenue,,Tallahassee,FL,32301,Leon,8504041000,Schafer,Bob,,Sharkey,Don,
60708,Agents for a Better Florida,PAC,Political Committee,527 East Park Avenue,,Tallahassee,FL,32301,Broward,8504041000,Ritchie,Glenn,,Dewhurst,Craig,
61062,Agents PAC,PAC,Political Committee,610 South Boulevard,,Tampa,FL,33606,Miami-Dade,8132543369,Benefield,S'Neta,,Watkins,Nancy,H.
84061,Agriculture In Action PAC,PAC,Political Committee,10670 Heritage Farms Road,,Lake Worth,FL,33449,Palm Beach,8134098465,Haverland,Keely,Renee,Cabrera,Anibal,D.
89209,"AL-PAC Florida, NFP",PAC,Political Committee,6314 Kingspointe Parkway #7,,Orlando,FL,32819,Orange,8477833000,Leopardo,Anthony,J,Aldworth,Alan,W
60693,Alachua - Totally Involved in Government and Education Reform,PAC,Political Committee,618 NW 13th Avenue,,Gainesville,FL,32601,Alachua,3523777635,Cook,Kim,,Durham,Wanda,
89035,Alachua County Stonewall PAC,PAC,Political Committee,Post Office Box 6208,,Gainesville,FL,32627,Alachua,3522134428,Strain,Helen,,Bassham,Linda,
79352,Alachua County's Future,PAC,Political Committee,PO Box 357536,,Gainesville,FL,32635,Broward,9547670300,Goodison,Crystal,,Burnette,Matthew,
45995,"All About Florida Committee, Inc.",PAC,Political Committee,100 South Monroe Street,,Tallahassee,FL,32301,Leon,8509224300,Delegal,Virginia,S.,Mosteller,Cragin,
79710,All Things Common PC,PAC,Political Committee,1225 West Beaver Street,Suite 204A,Jacksonville,FL,32204,Duval,9042654753,McWilliams,Carol,,Buckner,Frances,
89262,Allegiance To Democracy,PAC,Political Committee,Post Office Box 30265,,Fort Lauderdale,FL,33303,Broward,9547670300,Mangeney,August,,Blank,Jason,B.
83814,Alliance Champions PC,PAC,Political Committee,120 South Monroe Street,,Tallahassee,FL,32301,Leon,8507277087,Robertson,Jim,,Ramba,David,E
64267,Alliance For Honest Government,PAC,Political Committee,Post Office Box 10329,,Tallahassee,FL,32302,Leon,8502518898,Mayernick,Frank,,Mayernick,Frank,P.
60981,Alliance for Progressive Representation PAC,PAC,Political Committee,2618 Centennial Place,,Tallahassee,FL,32308,Leon,8505674878,Herron,Mark,,Herron,Mark,
89852,Alliance of Accredited Investors PC,PAC,Political Committee,527 East Park Avenue,,Tallahassee,FL,32301,Leon,8504041000,DePriest,Jennings,,Fenner,Noreen,A.
61445,Alliance of Florida PPECs PAC,PAC,Political Committee,2568 Centerville Court,,Tallahassee,FL,32308,Leon,8505560203,Snow,Christopher,Robert,Snow,Christopher,Robert
71119,Allies of Opportunity,PAC,Political Committee,2618 Centennial Place,,Tallahassee,FL,32303,Leon,8505674878,Herron,Mark,,Herron,Mark,
80528,America First Florida First,PAC,Political Committee,4914 SW 72 Avenue,,Miami,FL,33155,Miami-Dade,3054450777,Gonzalez,Roberto,,Riesco,Jose,A.
88717,America First Fund,PAC,Political Committee,Post Office Box 10085,,Tallahassee,FL,323022085,Leon,8502247173,Bevis,Brewster,B,Trickey,Stephen,B.
80035,America First PC,PAC,Political Committee,527 East Park Avenue,,Tallahassee,FL,32301,Leon,8504041000,Cortese,Tony,,Fenner,Noreen,A.
89215,America For Prosperity,PAC,Political Committee,1451 W. Cypress Creek Road,Suite 300,Ft. Lauderdale,FL,33309,Broward,9547271770,Metelus,Jennyfer,,Metelus,Jennyfer,
89847,America Only,PAC,Political Committee,527 East Park Avenue,,Tallahassee,FL,32301,Leon,8504041000,DePriest,Jennings,,Fenner,Noreen,A.
85669,America Votes Florida,PAC,Political Committee,1155 Connecticut Avenue NW,Suite 600,Washington,DC,20036,Hillsborough,2029627240,Diaz,Maria,,Schloesser,Heidi,
89263,American Dream,PAC,Political Committee,11260 Southwest 3rd Street,,Sweetwater,FL,33174,Miami-Dade,7863608411,Wichman,Enrique,,Wichman,Enrique,
89132,American Empowerment Collective PAC Inc.,PAC,Political Committee,425 W Colonial Dr Ste 303 #681,,Orlando,FL,32804,Orange,6084011089,Bataineh,Mohammad,,Sehic,Almas,
78819,American Fire Sprinkler Association - FL Political Committee,PAC,Political Committee,10312 Bloomingdale Ave.,Ste. 108  #377,Riverview,FL,33578,Hillsborough,8137843624,Cox,Jessica,,Johnson,Christopher,
78840,American Flood Action PC,PAC,Political Committee,610 South Boulevard,,Tampa,FL,33606,Hillsborough,8132543369,Valenstein,Noah,,Watkins,Nancy,
89894,American Mission Florida,PAC,Political Committee,2241 North Monroe Street #1221,,Tallahassee,FL,32303,Leon,2028139118,Furst,Bill,,Flores,Leah,
79979,American Pride Committee,PAC,Political Committee,2200 Wilson Boulevard #102-135,,Arlington,VA,222013324,Leon,7034953594,Morgan,Mason,,Morgan,Mason,
79623,American Values PAC,PAC,Political Committee,"115 East Park Avenue, Suite 1",,Tallahassee,FL,32301,Leon,3522755004,Jones,William,S,Jones,William,S.
71040,"Americans For Liberty and Prosperity, Inc.",PAC,Political Committee,115 East Park Avenue,Suite 1,Tallahassee,FL,32301,Leon,3522755004,Jones,William,S.,Jones,William,S.
74406,Americans For Progress,PAC,Political Committee,Post Office Box 30295,,Fort Lauderdale,FL,33303,Broward,9547670300,Haber,Jason,H.,Blank,Jason,B.
80335,"Americans for Prosperity Action, Inc.",PAC,Political Committee,4201 WILSON BLVD #110,PO BOX 358,Arlington,VA,22203,Broward,7032243200,Nascimento,Nathan,,Clancy,Margee,
89435,And Justice For All P.A.C.,PAC,Political Committee,1287 East Blue Heron Boulevard,STE 1,Riviera Beach,FL,33404,Palm Beach,5619329044,Mavour,Joi,,Mavour,Joi,
84389,Anesthesiologist Assistants Political Action Committee,PAC,Political Committee,527 East Park Avenue,,Tallahassee,FL,32301,Leon,8504041000,Carroll,Jeff,,Fenner,Noreen,A
60677,Anesthesiology Leadership Council 1,PAC,Political Committee,527 East Park Avenue,,Tallahassee,FL,32301,Leon,8504041000,Rosemeier,Frank,,Doyle,John,Joseph
60673,Anesthesiology Leadership Council 2,PAC,Political Committee,527 East Park Avenue,,Tallahassee,FL,32301,Leon,8504041000,Rosemeier,Frank,,Doyle,John,Doyle
60610,Anesthesiology Leadership Council 3,PAC,Political Committee,527 East Park Avenue,,Tallahassee,FL,32301,Leon,8504041000,Rosemeier,Frank,,Doyle,John,Joseph
61073,Apartment Political Action Committee,PAC,Political Committee,711 N. Orlando Ave,Suite 201,Maitland,FL,32751,Orange,4079602910,Nurse,Rose,,Henderson,Sara,
89094,APB for Florida,PAC,Political Committee,"2100 Salzedo Street, Suite 200",,Coral Gables,FL,33134,Miami-Dade,3054386528,Biliskov,Ashley,,Fiore,Anthony,
89178,Artemis PAC,PAC,Political Committee,527 East Park Avenue,,Tallahassee,FL,32301,Leon,8504041000,Reid-Cherry,Tara,,Fenner,Noreen,A.
79872,Ascend Florida,PAC,Political Committee,527 East Park Avenue,,Tallahassee,FL,32301,Leon,8504041000,Nocco,Christopher,,Fenner,Noreen,A.
74733,Associated Builders and Contractors (ABC) North Florida PAC,PAC,Political Committee,1415 East Piedmont Drive,,Tallahassee,FL,32308,Leon,8503850060,James,JD,,Bowen,Carol,
60660,Associated General Contractors Building Florida's Future,PAC,Political Committee,527 East Park Avenue,,Tallahassee,FL,32301,Leon,8504041000,Bell,Doug,,Fenner,Noreen,
84383,Associated Industries for Florida's Future,PAC,Political Committee,Post Office Box 10085,,Tallahassee,FL,32302,Leon,8502247173,Bevis,Brewster,B,Trickey,Stephen,B
83700,Associated Industries for Florida's Prosperity,PAC,Political Committee,P.O. Box 10085,,Tallahassee,FL,323022085,,8502247173,Bevis,Brewster,B.,Trickey,Stephen,B.
83698,Associated Industries of Florida for Economic Growth,PAC,Political Committee,Post Office Box 10085,,Tallahassee,FL,323022085,Leon,8502247173,Bevis,Brewster,B.,Trickey,Stephen,B.
83699,Associated Industries of Florida for Free Enterprise,PAC,Political Committee,P.O. Box 10085,,Tallahassee,FL,323022085,Leon,8502247173,Bevis,Brewster,B.,Trickey,Stephen,B.
60768,Associated Industries of Florida Political Action Committee,PAC,Political Committee,Post Office Box 10085,,Tallahassee,FL,323022085,Leon,8502247173,Bevis,Brewster,B.,Trickey,Stephen,B.
89658,Association For Serious Service,PAC,Political Committee,Post Office Box 30295,,Fort Lauderdale,FL,33303,Broward,9547670300,Blank,Jason,B.,Blank,Jason,B.
60544,AT&T Florida PAC,PAC,Political Committee,Legislative Affairs,110 E. Carolina Street,Tallahassee,FL,32301,Miami-Dade,8505775501,McNichols,Troy,,Buigas,Lisette,
60547,AT&T South Florida PAC,PAC,Political Committee,Legislative Affairs,110 E. Carolina Street,Tallahassee,FL,32301,Leon,8505775501,Dominguez,Alejandro,,Buigas,Lisette,
29782,BAC PAC,PAC,Political Committee,Post Office Box 10888,,Tallahassee,FL,32302,Leon,8505592966,King,Theresa,L.,Schaunaman,Mark,
70288,Back the Blue,PAC,Political Committee,735 Northeast 3rd Avenue,,Fort Lauderdale,FL,33304,Broward,9545272606,Mogavero,Joseph,,Watkins,Nancy,H.
83745,Back to Basics FTL,PAC,Political Committee,Post Office Box 30295,,Fort Lauderdale,FL,33303,Broward,9547670300,Blank,Jason,B.,Blank,Jason,B.
60738,Baker & Hostetler Florida PAC,PAC,Political Committee,Post Office Box 112,,Orlando,FL,328010112,Orange,4076494000,Lee,Greg,,Roberts,Joel,E.
88925,Balanced Leadership,PAC,Political Committee,527 East Park Avenue,,Tallahassee,FL,32301,Leon,8504041000,Cassel,Hillary,,Fenner,Noreen,A.
70490,Ban Assault Weapons Now,PAC,Political Committee,6619 South Dixie Highway #148,,Miami,FL,33143,Miami-Dade,3056472666,Schwartz,Gail,,Maggiolo,Gloria,
90658,Bay Kids First,PAC,Political Committee,Post Office Box 783,,Panama City,FL,32402,Bay,8503483241,Tipps,Julie,,Anderson,Chris,
93223,BD Florida,PAC,Political Committee,"1334 Timberlane Road, Suite 15",,Tallahassee,FL,32312,Leon,8134177025,Brothers,Riley,,Brothers,Riley,
79568,Be a Force for Good PAC,PAC,Political Committee,527 East Park Avenue,,Tallahassee,FL,32301,Leon,8504041000,McCoy,Caroline,,Fenner,Noreen,A.
93184,Be the Change,PAC,Political Committee,Post Office Box 1543,,Miam Beach,FL,33119,Miami-Dade,3054075842,Olsen,Brendan,,Olsen,Brendan,
60884,Beer Distributors Committee for Good Government,PAC,Political Committee,215 South Monroe Street,Suite 340,Tallahassee,FL,32301,Leon,8502242337,Daley,Kenneth,,Bowler,Kevin,
83537,Before Elections There's Help,PAC,Political Committee,212 Soldiers Creek Place,,Longwood,FL,32750,Volusia,6788716553,Power,Mary,,Power,Mary,
83991,Believe In Florida PC,PAC,Political Committee,3351 N University Drive,Suite B,Davie,FL,33024,Broward,9542929449,Sharief,Barbara,,Parchment,Charmaine,
88939,Belleair Republican PC,PAC,Political Committee,Post Office Box 20252,,St. Petersburg,FL,33742,Pinellas,8133357472,Reed,Jessica,,Jodoin,Jamie,C.
90803,Berry for Florida,PAC,Political Committee,527 East Park Avenue,,Tallahassee,FL,32301,Leon,8504041000,Berry,Tricia,,Fenner,Noreen,
89652,Best Friends of Andrea Keiser,PAC,Political Committee,527 East Park Avenue,,Tallahassee,FL,32301,Leon,8504041000,Keiser,Andrea,,Fenner,Noreen,A.
89550,Better Broward,PAC,Political Committee,4710 Southwest 67th Avenue,H7,Miami,FL,33155,Miami-Dade,7866097417,Chason,Jacqueline,,Chason,Jacqueline,
61466,Better Florida Fund Corp.,PAC,Political Committee,1430 Piedmont Drive East,,Tallahassee,FL,32308,Leon,8502243939,Patete,Michael,L.,Giffler,Ronald,F.
84084,Better Leon,PAC,Political Committee,Post Office Box 10835,,Tallahassee,FL,32302,Leon,8502511735,Haynes,Chauncy,E,Haynes,Chauncy,E
69405,Better Lives For Floridians,PAC,Political Committee,2640-A Mitcham Drive,,Tallahassee,FL,32308,Leon,8508771099,Welton III,William,A.,Dupree,Abby,
74816,Better Roads for Florida,PAC,Political Committee,2640 Mitcham Drive,,Tallahassee,FL,32308,Leon,8508771099,Matthews,Ivory,,Dupree,Abby,
88982,Better Together,PAC,Political Committee,Post Office Box 1701,,Tallahassee,FL,323021701,Leon,8505674878,Herron,Mark,,Herron,Mark,
89229,Better Tomorrow for Central Florida PC,PAC,Political Committee,527 East Park Avenue,,Tallahassee,FL,32301,Leon,8504041000,Anderson,Oscar,,Fenner,Noreen,A.
78780,Big Bend Professional Firefighters & Paramedics PAC,PAC,Political Committee,Post Office Box 3966,,Tallahassee,FL,32315,Leon,8505566186,Colin,Jean-Pierre,,Davis,Joseph,
90708,Black Republican Caucus of Florida,PAC,Political Committee,Post Office Box 201,,Palm Beach,FL,33480,Palm Beach,4133519631,Jackson,SP,,Datwyler,Thomas,
88949,BlacTino Alliance PAC,PAC,Political Committee,Post Office Box 330789,,Coconut Grove,FL,33233,Miami-Dade,7862802588,Lovely,Venusmia,,Fye,Satin,
74657,Blank PC,PAC,Political Committee,Post Office Box 30295,,Fort Lauderdale,FL,33303,Broward,9547670300,Blank,Jason,B.,Blank,Jason,B.
88985,Blue Bench Project,PAC,Political Committee,Post Office Box 46536,,Tampa,FL,33646,Alachua,3072874063,Atkins,William,,Brill,Jonathan,
85639,Blue Florida,PAC,Political Committee,701 South Howard Avenue,#106-813,Tampa,FL,33606,Hillsborough,8137856335,Everett,Gary,W.,Brill,Jonathan,
88689,Blue Hive Collaborative,PAC,Political Committee,368 Clifton Bay Loop,,St. Johns,FL,32259,St. Johns,9046252812,Bristow,Liliana,,Bristow,Liliana,
85150,Boatwashers for Botana,PAC,Political Committee,527 East Park Avenue,,Tallahassee,FL,32301,Leon,8504041000,Botana,Adam,,Fenner,Noreen,A.
60931,"Boca Raton Public Safety PAC, Inc.",PAC,Political Committee,120 South Monroe Street,,Tallahassee,FL,32301,Palm Beach,8507277087,Sieben,Scott,,Ramba,David,E.
89508,Bold Leadership,PAC,Political Committee,527 East Park Avenue,,Tallahassee,FL,32301,Leon,8504041000,McCann,Andrew,,Fenner,Noreen,A.
89401,Bold New PC of the South,PAC,Political Committee,527 East Park Avenue,,Tallahassee,FL,32301,Leon,8504041000,Diebenow,Steve,,Fenner,Noreen,A.
61121,Bonita Springs Action Group,PAC,Political Committee,1195 Yarmouth Street,,Port Charlotte,FL,339250000,Lee,9417690963,Lamb,James,,Burkard Jr.,Michael,
84005,Booth PAC,PAC,Political Committee,2055 NW Diamond Creek Way,,Jensen Beach,FL,34957,Martin,7722618100,Booth,Richard,,Millner,Debbie,
88894,Boyles for Florida,PAC,Political Committee,527 East Park Avenue,,Tallahassee,FL,32301,Leon,8504041000,Boyles,Nathan,,Fenner,Noreen,A.
91236,Brevard Conservative Coalition,PAC,Political Committee,527 East Park Avenue,,Tallahassee,FL,32301,Leon,8504041000,Herman,Marcus,,Fenner,Noreen,A
60785,Brevard TIGER,PAC,Political Committee,1007 South Florida Avenue,,Rockledge,FL,32955,Brevard,3216363323,Colucci,Anthony,,Stiles,Traci,
93193,Brevard's Conservative Future,PAC,Political Committee,3445 Spring Branch Trail,Apt 358,Melbourne,FL,32935,Brevard,3213586215,Flanders,Brady,,Flanders,Brady,
79719,Bridging Divides Building Communities,PAC,Political Committee,3733 University Blvd West,Suite #212F,Jacksonville,FL,32217,Duval,8433644403,McKinnon,Joey,,Kato,Natalie,
80075,Bright Future Tampa Bay,PAC,Political Committee,701 South Howard Avenue,#106-813,Tampa,FL,33606,Hillsborough,8137330070,Thomas,John,E.,Brill,Jonathan,
89427,Bright Horizons for Florida,PAC,Political Committee,8983 Okeechobee Boulevard,Suite 202,West Palm Beach,FL,33411,Palm Beach,5616146394,Williams,Calvin,,Williams,Calvin,
84300,Brighter Florida,PAC,Political Committee,527 East Park Avenue,,Tallahassee,FL,32301,Leon,8504041000,Daughton,Jim,,Fenner,Noreen,A
89660,Bring Back Competence,PAC,Political Committee,Post Office Box 30265,,Ft. Lauderdale,FL,33303,Broward,9547670300,Blank,Jason,B.,Blank,Jason,B.
89624,Bringing Affordability to 36,PAC,Political Committee,6619 South Dixie Highway,No. 148,Miami,FL,33148,Miami-Dade,3056472666,Lall,Vesta,,Maggiollo,Gloria,
734,Broward Allied Medical PAC,PAC,Political Committee,4150 Belfort Road #551538,,Jacksonville,FL,32255,Broward,9547149477,Palamara,Arthur,E.,Elkin,Aaron,
780,Broward Builders PAC,PAC,Political Committee,2929 NW 62nd Street,,Fort Lauderdale,FL,333090000,Broward,9549746333,Lord,Justin,,Mackowski,Remy,
30909,Broward Co. Professional Paramedics & Firefighters PAC,PAC,Political Committee,11 Northwest 36 Avenue,,Lauderhill,FL,33311,Broward,9542683808,Bertuccio,Stephen,,Iannatto,Mitchell,
769,Broward County Police Benevolent Association,PAC,Political Committee,2650 West State Road 84,,Ft. Lauderdale,FL,333120000,Broward,9545847600,Skirvin Rod,Rodney,,Sada,Paul,
61246,Broward Principals and Assistants Association,PAC,Political Committee,119 South Monroe Street,Suite 202,Tallahassee,FL,32301,Leon,8507014797,Sauer,Patrick,,Mixon,Juhan,
60994,Broward Teachers Union Committee on Political Education,PAC,Political Committee,6000 North University Drive,,Tamarac,FL,33321,Broward,9544866250,Pignato,Susan,,Fusco,Anna,
60977,Broward Trial Lawyers PAC,PAC,Political Committee,2211 Davie Boulevard,,Fort Lauderdale,FL,33312,Broward,9544487288,Quackenbush,Anthony,,Lawlor,John,
79227,"Broward Victory PC, Inc.",PAC,Political Committee,Post Office Box 30295,,Fort Lauderdale,FL,33303,Broward,9547670300,Haber,Jason,H.,Blank,Jason,B.
74581,Broward Vision PAC,PAC,Political Committee,Post Office Box 451711,,Fort Lauderdale,FL,33345,Broward,9545731117,Robinson,Trace,,Robinson,Trace,
72679,Buchanan For Florida,PAC,Political Committee,133 South Harbor Drive,,Venice,FL,34285,Sarasota,9414887794,Buchanan,James,,Robinson,Eric,
84937,Build the Wall PC,PAC,Political Committee,2055 NW Diamond Creek Way,,Jensen Beach,FL,34957,Martin,7722618100,Millner,Michael,,Millner,Debbie,
61066,Building a Better Florida PC,PAC,Political Committee,610 South Boulevard,,Tampa,FL,33606,Hillsborough,8132543369,Corcoran,Michael,,Watkins,Nancy,H.
89198,Building a Better Government,PAC,Political Committee,Post Office Box 1701,,Tallahassee,FL,323021701,Leon,8505674878,Herron,Mark,,Herron,Mark,
73757,Building a Better Jax,PAC,Political Committee,200 Riverside Avenue,Suite 5,Jacksonville,FL,32205,Duval,9045751242,Harden,Christian,,Harden,Christian,
89524,Building A Better Tomorrow Today,PAC,Political Committee,"1801 NE 123 Street, Suite 314",,North Miami,FL,33181,Miami-Dade,3058928565,Floreal,Ernest,,Pierre-Canel,Aland,
74328,Building A Bold Florida,PAC,Political Committee,4914 SW 72 Avenue,,Miami,FL,33155,Miami-Dade,3054450777,Delombard,Rene,,Riesco,Jose,A.
70644,Building a Brighter Future for Florida,PAC,Political Committee,2055 NW Diamond Creek Way,,Jensen Beach,FL,34957,Martin,7722618100,Piccolo,Thomas,,Millner,Michael,
83494,Building A Majority PC,PAC,Political Committee,P.O. Box 1655,,Tallahassee,FL,32302,Leon,,Hollimon,William,,Hollimon,William,
69601,Building a Prosperous Florida,PAC,Political Committee,2505 Northwest 71st Place,,Gainesville,FL,32653,Alachua,3523718979,Perry,Warren,Keith,Little,Kena,
89298,Building A Stronger Jacksonville,PAC,Political Committee,1722 Northwest 80th Boulevard,Suite 90,Gainesville,FL,32606,Alachua,3522755004,Jones,William,S.,Jones,William,S.
60635,Building and Trades Political Committee,PAC,Political Committee,966 Liberty Street,,Jacksonville,FL,32206,Duval,9046341217,Fout,Lance,,Fout,Lance,
89430,Building Back Florida,PAC,Political Committee,701 S. Howard Avenue,#106-813,Tampa,FL,33606,Hillsborough,8137330070,Carmella,Aaron,,Brill,Jonathan,
78861,Building Better Infrastructure for Tomorrow,PAC,Political Committee,4914 SW 72 Avenue,,Miami,FL,33155,Miami-Dade,3054450777,Munoz,Jose,A.,Riesco,Jose,A.
60948,Building Florida's Future,PAC,Political Committee,"115 East Park Avenue, Ste. 1",,Tallahassee,FL,32301,Leon,3522755004,Jones,William,S.,Jones,William,S.
61056,Building On Your Dreams Political Committee,PAC,Political Committee,527 East Park Avenue,,Talllahassee,FL,32301,Sarasota,8504041000,Boyd,Jim,,Fenner,Noreen,A.
93198,Building Strong Communities,PAC,Political Committee,120 South Monroe Street,,Tallahassee,FL,32301,Leon,8507277087,Ramba,David,E.,Ramba,David,E.
88690,Building Stronger Cities Alliance,PAC,Political Committee,Post Office Box 780637,,San Antonio,TX,78278,Orange,8636021274,Carr,John,M.,Carr,John,M
78932,Building Stronger Communities,PAC,Political Committee,Post Office Box 30265,,Fort Lauderdale,FL,33303,Broward,9547670300,Haber,Jason,H.,Blank,Jason,B.
79313,BUPAC Businesspeople United for Political Action Committee,PAC,Political Committee,2615 Casibari Court,,Cape Coral,FL,33991,Lee,2398227997,Flores,Charlie,,Stout,Marilyn,
84099,Business Forum Of Florida,PAC,Political Committee,Post Office Box 30265,,Fort. Lauderdale,FL,33303,Broward,9547670300,Blank,Jason,B,Blank,Jason,B
61038,Business Leaders United for Boca Raton,PAC,Political Committee,1800 North Dixie Highway,,Boca Raton,FL,33432,Palm Beach,5613954433,McLellan,Troy,M.,McLellan,Troy,M.
61007,Business Political Action Committee of Palm Beach County,PAC,Political Committee,P O Box 1952,,West Palm Beach,FL,33402,Palm Beach,5616556311,Smith,John,,Schafer,Bob,
61093,"Business Voice Political Committee, Inc.",PAC,Political Committee,Post Office Box 360822,,Melbourne,FL,329360822,Brevard,3212583653,Godwin,Jeff,,DiFrisco,Don,
60792,"BusinessForce, PC",PAC,Political Committee,3451 Technological Ave,Suite 11,Orlando,FL,32817,Orange,4073417150,Loncar,Dana,,Lawhun,Carissa,
60938,BusinessVoice Inc.,PAC,Political Committee,35 Lake Morton Drive,,Lakeland,FL,33801,Polk,8636888551,Borem,Josh,,Wiggins,Amy,
60589,"By the People, for the People",PAC,Political Committee,10680 Northwest 25th Street,,Doral,FL,33172,Miami-Dade,3055930044,Stahl,Steadman,,Stahl,Steadman,
89950,C4 - Concerned Citizens 4 Commonsense Communities,PAC,Political Committee,1012 Bay Harbor Drive,,Englewood,FL,34224,Charlotte,7313633180,Newmon-Smith,Carla,F.,Smith,Ellen,N.
69773,Campus Free Speech PC,PAC,Political Committee,120 South Monroe Street,,Tallahassee,FL,32301,Leon,8507277087,Ramba,David,E.,Ramba,David,E.
79024,Capitol Conservative Alliance,PAC,Political Committee,527 East Park Avenue,,Tallahassee,FL,32301,Leon,8504041000,Cortese,Tony,,Fenner,Noreen,A.
89581,Care for All PC,PAC,Political Committee,527 East Park Avenue,,Tallahassee,FL,32301,Leon,8504041000,McKay,Michelle,,Fenner,Noreen,
931,Carlton Fields Political Committee,PAC,Political Committee,Post Office Drawer 190,,Tallahassee,FL,323020000,Leon,9042241585,Tinkler,Kenneth,A.,Sklar,William,
85011,Caryl Shuham for Broward,PAC,Political Committee,Post Office Box 30295,,Fort Lauderdale,FL,33303,Broward,9547670300,Shuham,Caryl,,Blank,Jason,B.
79219,CBT PAC,PAC,Political Committee,"490 Opa-locka Blvd., Suite 20",,Opa-locka,FL,33054,Miami-Dade,3057960834,Logan,Willie,,Brunson,Anthony,
80504,CCC,PAC,Political Committee,2640-A Mitcham Drive,,Tallahassee,FL,32308,Leon,8502229075,LaFace,Ron,,Heitmeyer,Rich,
986,Central Florida Chapter Associated Builders & Contractors PC,PAC,Political Committee,"651 Danville Drive, Suite 200",,Orlando,FL,328256393,Orange,4076282070,Wert,Thomas,,Walton,Matt,
61037,Central Florida Citizens for Justice,PAC,Political Committee,218 South Monroe Street,,Tallahassee,FL,32301,Orange,8502249403,Copeland,Todd,E.,Clem,Alexander,
38077,Central Florida Dental Political Action Committee,PAC,Political Committee,800 North Mills Avenue,,Orlando,FL,328030000,Orange,4078949798,Beattie,John,,Cordoba,John,X.
36042,Central Florida Hotel and Lodging Association Pol. Act. Com.,PAC,Political Committee,"6675 Westwood Blvd, Suite 210",,Orlando,FL,32821,Orange,4073135000,Leonard,Jay,,Rocheford,Chad,
84630,Central Florida Leadership PC,PAC,Political Committee,Post Office Box 30265,,Fort Lauderdale,FL,33303,Broward,9547670300,Booth,Carl,,Blank,Jason,B.
79487,Central Florida Solutions PC,PAC,Political Committee,527 East Park Avenue,,Tallahassee,FL,32301,Leon,8504041000,Johnson,David,,Fenner,Noreen,A.
91083,Central Florida United Democrats,PAC,Political Committee,"5727 NW 7th Street, Unit 304",,Miami,FL,33126,Miami-Dade,2157967000,Chen,David,,Chen,David,
89617,Central Floridians for Change,PAC,Political Committee,P.O. Box 720533,,Orlando,FL,32872,Orange,3212956304,Gamboa,Jose,,Gamboa,Jose,
80001,CFG Action Florida,PAC,Political Committee,2640-A Mitcham Drive,,Tallahassee,FL,32308,Leon,8508771099,McIntosh,David,M,Heitmeyer,Rich,
60868,CFHLA Political Committee,PAC,Political Committee,6675 Westwood Boulevard,Suite 210,Orlando,FL,32821,Orange,4073135000,Leonard,Jay,,Rocheford,Chad,
84077,CFL Green Initiative Coalition,PAC,Political Committee,PO Box 701918,,St. Cloud,FL,34770,Orange,4073615030,Fetzer,Jeremy,,Fetzer,Jeremy,
88948,Champion Florida,PAC,Political Committee,Post Office Box 1701,,Tallahassee,FL,323021701,Leon,8505674878,Herron,Mark,,Herron,Mark,
79600,Champions For The People PC,PAC,Political Committee,"1563 Capital Circle SE, # 142",,Tallahassee,FL,32301,Leon,8507240605,Kato,Natalie,,Kato,Natalie,
89273,Champions of Tourism,PAC,Political Committee,610 South Boulevard,,Tampa,FL,33606,Hillsborough,8132543369,Pierce,Ron,,Watkins,Nancy,H
60445,Changing Florida's Future PC,PAC,Political Committee,Post Office Box 1701,,Tallahassee,FL,323021701,Leon,8505674878,Herron,Mark,,Herron,Mark,
74191,"Charter Communications, Inc. Florida Political Action Committee",PAC,Political Committee,5413 State Road 64 East,,Bradenton,FL,34208,Pinellas,7278733740,Kaminsky,Albert,,Jordan,Jennifer,Lynn
88967,Chiro-PAC II PC,PAC,Political Committee,120 South Monroe Street,,Tallahassee,FL,32301,Leon,8507277087,Carvajal,Allison,,Ramba,David,
88964,Chiro-PAC PC,PAC,Political Committee,120 South Monroe Street,,Tallahassee,FL,32301,Leon,8507277087,Carvajal,Allison,,Ramba,David,E.
83422,Choices for Children PAC,PAC,Political Committee,527 East Park Avenue,,Tallahassee,FL,32301,Leon,8504041000,Adan,Dan,,Fenner,Noreen,A.
88716,Choices of Integrity,PAC,Political Committee,"233 East Bay Street, Suite 804",,Jacksonville,FL,32202,Duval,9043079758,Jean-Bart,Leslie,Scott,Jean-Bart,Leslie,Scott
93207,Christian Family Coalition - Manatee,PAC,Political Committee,916 62nd Street Court West,,Bradenton,FL,34209,Manatee,9412249028,Mantanes,Agatha,,Mantanes,Agatha,
84748,Cigar City PC,PAC,Political Committee,701 South Howard Avenue,#106-813,Tampa,FL,33606,Hillsborough,8137330070,Thomas,John,E.,Brill,Jonathan,
78915,Citizens Against Wasteful Spending PC,PAC,Political Committee,527 East Park Avenue,,Tallahassee,FL,32301,Leon,8504041000,Fenner,Noreen,A.,Fenner,Noreen,A.
61503,Citizens Alliance for Florida's Economy,PAC,Political Committee,c/o 2055 NW Diamond Creek Way,,Jensen Beach,FL,34957,Hillsborough,7722618100,Pedicini,Anthony,,Millner,Michael,
79536,"Citizens Awake Now, Inc.",PAC,Political Committee,3021 Airport Pulling Road N.,Suite 202,Naples,FL,34105,Collier,2397762076,Oakes III,Francis,A.,Howard,Courtney,
89887,Citizens for a Better Okaloosa,PAC,Political Committee,Post Office Box 20252,,St. Petersburg,FL,33742,Okaloosa,8133357472,Hume,Michael,,Jodoin,Jamie,C.
81334,Citizens for a Greater West Orange,PAC,Political Committee,527 East Park Avenue,,Tallahassee,FL,32301,Leon,8504041000,Clay,Darrell,,Fenner,Noreen,
69662,Citizens For A Respectful Judiciary,PAC,Political Committee,Post Office Box 30295,,Fort Lauderdale,FL,33303,Broward,9547670300,Blank,Jason,B.,Blank,Jason,B.
84312,"Citizens for a Safer Broward, Inc.",PAC,Political Committee,9314 Forest Hill Boulevard,Suite 340,Wellington,FL,33411,Broward,5617670626,Allen,Dennis,,Pollock,Alvin,J.
74189,"Citizens for a United Florida, Inc.",PAC,Political Committee,Post Office Box 30295,,Fort Lauderdale,FL,33303,Broward,9547670300,Blank,Jason,B.,Blank,Jason,B.
89981,Citizens for An Affordable West Orange County,PAC,Political Committee,Post Office Box 720533,,Orlando,FL,32872,Orange,3212956304,Gamboa,Jose,,Gamboa,Jose,
89364,Citizens for Balanced Growth,PAC,Political Committee,1427 Piedmont Drive East,Suite 2,Tallahassee,FL,32308,Leon,8503851120,Phipps,Jeff,,Gay,Andrew,
70259,Citizens For Building Florida's Future,PAC,Political Committee,527 East Park Avenue,,Tallahassee,FL,32301,Leon,8504041000,Duggan,Wyman,,Fenner,Noreen,A.
61030,Citizens for Cancer Awareness,PAC,Political Committee,610 South Boulevard,,Tampa,FL,33606,Hillsborough,8132543369,Droste,Ed,,Watkins,Nancy,
89549,Citizens for Common Sense & Efficient Government (CSEG),PAC,Political Committee,5119 Manor Court,,Cape Coral,FL,33904,Lee,2397708944,Shadrach,Thomas,W.,Hennessy,Timothy,M.
84035,Citizens for Common Sense Solutions,PAC,Political Committee,527 East Park Avenue,,Tallahassee,FL,32301,Leon,8504041000,Arthur,Austin,,Fenner,Noreen,A
74500,Citizens for Community Care,PAC,Political Committee,Post Office Box 30295,,Fort Lauderdale,FL,33303,Broward,9547670300,Haber,Jason,H.,Blank,Jason,B.
74039,Citizens for Ethical & Effective Leadership PC,PAC,Political Committee,"8306 Mills Drive, #374",,Miami,FL,33183,Miami-Dade,3053015887,Garcia,Zavier,M.,Garcia,Zavier,M.
61394,Citizens for Fiscal Leadership,PAC,Political Committee,332 North Magnolia Avenue,,Orlando,FL,32801,Pinellas,4079923529,Simmons,David,,Ennis,Kathy,
64821,Citizens for Florida,PAC,Political Committee,120 South Monroe Street,,Tallahassee,FL,32301,Leon,8507277087,Stewart,Linda,,Ramba,David,E.
69280,Citizens For Florida Prosperity PC,PAC,Political Committee,133 South Harbor Drive,,Venice,FL,34285,Sarasota,9414887794,Morris,Katie,,Robinson,Eric,
89520,Citizens for Healthcare Excellence Action Fund,PAC,Political Committee,610 S. Boulevard,,Tampa,FL,33606,Hillsborough,8132543369,Voelker,Kirk,G.,Taylor,Cliston,Scott
42810,Citizens for Home Rule,PAC,Political Committee,Post Office Box 1757,,Tallahassee,FL,32302,Leon,8502229684,Garner,Jeannie,,Cook,T.,Casey
60579,Citizens for Integrity in Government,PAC,Political Committee,3122 Mahan Drive,Ste 801-354,Tallahassee,FL,32308,Leon,8507668676,Wilder,Todd,,Magdaleno,Rebecca,
78943,Citizens for Integrity PC,PAC,Political Committee,1563 Capital Circle SE #93,,Tallahassee,FL,32301,Leon,8507240605,Kato,Natalie,,Kato,Natalie,
79375,Citizens for Law & Order,PAC,Political Committee,P.O. Box 20252,,St. Petersburg,FL,33742,Pinellas,8133357472,Ross,Adam,McGill,Jodoin,Jamie,C.
61046,Citizens for Law Order and Ethics,PAC,Political Committee,9200 Belvedere Road Suite 202,,West Palm Beach,FL,33411,Palm Beach,5616899787,Asnani,Rick,,LeeBove,Kim,
60034,Citizens for Local Decision Making,PAC,Political Committee,Post Office Box 1757,,Tallahassee,FL,32302,Leon,8502229684,Mosteller,Cragin,,Cook,T.,Casey
60847,Citizens for Principled Leadership PC,PAC,Political Committee,120 South Monroe Street,,Tallahassee,FL,32301,Leon,8502513126,Ramba,David,,Ramba,David,
88639,Citizens for Progress PAC,PAC,Political Committee,420 Northeast 33rd Street,,Oakland Park,FL,33334,Leon,9128379648,Lewis,Luke,,Lewis,Luke,
64536,Citizens for Public Safety,PAC,Political Committee,120 South Monroe Street,,Tallahassee,FL,32301,Leon,8507277087,Ramba,David,,Ramba,David,E.
79209,Citizens for Solutions,PAC,Political Committee,527 East Park Avenue,,Tallahassee,FL,32301,Leon,8504041000,Brodeur,Jason,,Fenner,Noreen,
93189,Citizens for Tampa Bay's Future,PAC,Political Committee,Post Office Box 30295,,Fort Lauderdale,FL,33303,Broward,9547670300,Blank,Jason,B.,Blank,Jason,B.
69696,Citizens Helping Improve Policy,PAC,Political Committee,2484 Primrose Place,,Oakland Park,FL,33309,Broward,8137677656,Matthews,Nicholas,,Matthews,Nicholas,
88977,Citizens In Control,PAC,Political Committee,1738 Southwest 57th Avenue,Unit #A152,Miami,FL,33155,Miami-Dade,9544925165,Bermudez,Jon,,Bermudez,Jon,
89515,Citizens to Protect the Ringling PAC,PAC,Political Committee,527 East Park Avenue,,Tallahassee,FL,32301,Leon,8504041000,Parrish,Nancy,,Fenner,Noreen,A.
60780,Citrus County Education Association Advocacy Fund,PAC,Political Committee,2801 SW College Road,Suite 14,Ocala,FL,34474,Marion,3522376275,Gallery,Christian,,Rodriguez,Alexander,
89028,City of The Future,PAC,Political Committee,Post Office Box 1701,,Tallahassee,FL,32302,Leon,8505674878,Herron,Mark,,Herron,Mark,
65856,"City Wise Florida, Inc.",PAC,Political Committee,PO Box 30295,,Fort Lauderdale,FL,33303,Broward,9547670300,Blank,Jason,B.,Blank,Jason,B.
88661,Civic Coalition,PAC,Political Committee,2244 Southwest Spoonbill Drive,,Palm City,FL,34990,Broward,8137896456,Kinser,Kelsey,,,,
89450,Civic Voices of Jacksonville Committee,PAC,Political Committee,8035 Floyd Street,,Jacksonville,FL,32208,Duval,9043020349,Ford-Hardin,Geraldine,,McCargo,Glendora,
79868,Clay Conservatives,PAC,Political Committee,527 East Park Avenue,,Tallahassee,FL,32301,Clay,8504041000,Garrison,Sam,,Fenner,Noreen,A
60799,Clay Education PAC,PAC,Political Committee,"1855 Wells Road, Unit 5A",,Orange Park,FL,32073,Clay,9042648810,Kidwell,Vicki,,Howell,James,
90512,Clear Vision,PAC,Political Committee,Post Office Box 1543,,Miami Beach,FL,33119,Miami-Dade,3054075842,Olsen,Brendan,,Olsen,Brendan,
61108,Clearpac,PAC,Political Committee,1346 S Fort Harrison Ave,Suite 100,Clearwater,FL,33756,Pinellas,7274610011,Ferrara,Raymond,,Renfrow,Jeanette,
89448,Clearwater Families for Affordability,PAC,Political Committee,Post Office Box 5635,,Clearwater,FL,33758,Pinellas,8133357472,Wilson,Sam,,Jodoin,Jamie,C
84147,Clearwater Shines,PAC,Political Committee,Post Office Box 20252,,St. Petersburg,FL,33742,Pinellas,8133357472,Jennings,Todd,,Jodoin,Jamie,C
60825,CLU-PAC,PAC,Political Committee,966 Liberty Street,,Jacksonville,FL,322065660,Duval,9043554569,Harper,D.,Russell,Johnson,Angela,
79654,Coalition for a Stronger Lakeland,PAC,Political Committee,527 East Park Avenue,,Tallahassee,FL,32301,Leon,8504041000,Hollis,Justin,,Fenner,Noreen,A
70792,Coalition for Better Care PC,PAC,Political Committee,120 South Monroe Street,,Tallahassee,FL,32301,Leon,8507277087,Ramba,David,E.,Ramba,David,E.
84256,Coalition For Safer Neighborhoods,PAC,Political Committee,3127 Ponce De Leon Boulevard,,Coral Gables,FL,33134,Miami-Dade,3054447181,Diaz,Rick,,Trueba,Carlos,M
60631,Coalition of Attainable Housing Providers PC,PAC,Political Committee,527 East Park Avenue,,Tallahassee,FL,32301,Leon,8504041000,Macdonald,Scott,,Thomas,Chris,
73710,Coastal Beaches Matter,PAC,Political Committee,Post Office Box 1701,,Tallahassee,FL,32302,Leon,8505674878,Herron,Mark,,Herron,Mark,
83533,Coastal Communities Matter,PAC,Political Committee,Post Office Box 1701,,Tallahassee,FL,32302,Leon,8505674878,Herron,Mark,,Herron,Mark,
60870,Cocoa Beach Hotel & Motel Association Political Action Committee,PAC,Political Committee,976 Brevard Avenue,,Rockledge,FL,32955,Brevard,3214331191,Williamson,Tom,,Hermansen,Tom,C.
79385,College Democrats at the University of Florida,PAC,Political Committee,1111 W. University Ave,711-B,Gainesville,FL,32601,Alachua,6465159257,Miller,Harper,,Hinds,Matthew,
79767,Collier Citizens for Responsible Government,PAC,Political Committee,527 East Park Avenue,,Tallahassee,FL,32301,Collier,2399802224,Chiaroni,Joseph,,Fenner,Noreen,
79448,Collier County Citizens Values - Political Action Committee,PAC,Political Committee,2430 Vanderbilt Beach Rd,Suite 108 PMB 331,Naples,FL,34109,Collier,,Tuff,Russell,,Nadolski,Michael,
50489,Collier County Medical Society PAC,PAC,Political Committee,"88 12th St N, Unit 200",,Naples,FL,341020000,Collier,2394357727,Rivera,Rolando,,Rivera,Rolando,
88577,Collier First,PAC,Political Committee,166 Jonnycake Drive,,Naples,FL,34110,Collier,2397840251,Maxwell,Lauren,,Robinson,Eric,
65882,Collier Tax Watch,PAC,Political Committee,Post Office Box 112049,,Naples,FL,34108,Collier,2398253823,DiSarro,Adam,,Abenanti,Gregg,
61045,Collier TIGER (Together in Government & Education Reform),PAC,Political Committee,6710 Lone Oak Boulevard,,Naples,FL,34109,Collier,2395927773,Lettner,Peter,,Prevost,Dayna,
79669,Committee for a Greater Miami,PAC,Political Committee,1 SE 3rd Avenue,Suite 1410,Miami,FL,33131,Miami-Dade,3053507700,Reyes,Manuel,,Trueba,Carlos,M.
60653,Committee for Accessible Government,PAC,Political Committee,527 East Park Avenue,,Tallahassee,FL,32301,,8504041000,Daughton,Jim,,Fenner,Noreen,
60609,Committee for An Affordable Residential Environment,PAC,Political Committee,1284 Timberlane Road,,Tallahassee,FL,32312,Leon,8509079111,Cashin,Ken,,Ricco II,John,R.
60927,Committee for an Innovative Florida,PAC,Political Committee,5331 Primrose Lake Circle,Suite 100,Tampa,FL,33647,Hillsborough,8138331343,Harrison,Shawn,,Millner,Michael,
61040,Committee for Better Government of Northeast Florida,PAC,Political Committee,4932 Sunbeam Road,,Jacksonville,FL,32257,Duval,9042940213,Morales,Rick,,Matovina,Gregory,E.
60637,Committee for Economic Development,PAC,Political Committee,818 AIA North,Suite 208,Ponte Vedra,FL,32082,Duval,9043465755,Hainline,T. R.,,Franklin Jr.,Fred,D.
74604,Committee for Professional Law Enforcement,PAC,Political Committee,1722 Northwest 80th Blvd,Suite 90,Gainesville,FL,32606,Duval,3522755004,Taylor Jr,Charles,R.,Jones,William,S
69698,Committee for Responsible Floridians,PAC,Political Committee,4914 SW 72 Avenue,,Miami,FL,33155,Miami-Dade,3054450777,Pelletier,Jim,,Riesco,Jose,A.
71409,Committee for Responsible Government,PAC,Political Committee,2640-A Mitcham Drive,,Tallahassee,FL,32308,Leon,8508771099,Cannon,Dean,,Dupree,Abby,
88754,Committee for Whole Person Health,PAC,Political Committee,527 East Park Avenue,,Tallahassee,FL,32301,Leon,8502120226,Houmann,Lars,,Fenner,Noreen,A.
60519,Committee of Automotive Retailers Political Action Committee of Florida,PAC,Political Committee,400 North Meridian Street,,Tallahassee,FL,32301,Leon,8502241466,Smith,Ted,,Smith,Ted,
60712,Committee of Florida Agents,PAC,Political Committee,527 East Park Avenue,,Tallahassee,FL,32301,Leon,8504041000,Ritchie,Glenn,,Dewhurst,Craig,
69366,"Committee of Interns and Residents, SEIU Local 1957 Health Care Advocacy Fund",PAC,Political Committee,"10-27 46th Ave., Ste 300-2",,Long Island City,NY,11101,,2123568100,Naranjo,Susan,,DeRosa,Ralph,
60511,Committee of Safety Net Hospitals of Florida,PAC,Political Committee,125 S. Gadsden Street,Suite 300,Tallahassee,FL,32301,Leon,8502012096,Senior,Justin,,Kennedy,Melinda,
61369,Committee of Teaching Hospitals of Florida,PAC,Political Committee,125 S. Gadsden Street,Suite 300,Tallahassee,FL,32301,Leon,8502012096,Senior,Justin,,Kennedy,Melinda,
88961,Committee on Civic Knowledge,PAC,Political Committee,113 South Monroe Street,,Tallahassee,FL,32301,Leon,7864360973,Alvarado,Alex,,Alvarado,Alex,
70128,Committee to Protect Florida,PAC,Political Committee,P.O. Box 10205,,Tallahassee,FL,32302,Leon,8504430243,Zubaly,Mark,,Zubaly,Mark,
78984,Committee to Protect Northwest Florida,PAC,Political Committee,527 East Park Avenue,,Tallahassee,FL,32301,Escambia,8504041000,Salzman,Michelle,,Fenner,Noreen,A
79390,Common Sense Conservatives,PAC,Political Committee,"115 East Park Avenue, Suite 1",,Tallahassee,FL,32301,Leon,3522755004,Jones,William,S.,Jones,William,S.
84062,Common Sense Florida,PAC,Political Committee,120 S Monroe St,,Tallahassee,FL,32301,Hillsborough,8507277087,Milam,Richard,,Ramba,David,E.
83579,Common Sense For Florida,PAC,Political Committee,527 East Park Avenue,,Tallahassee,FL,32301,Leon,8504041000,Basabe,Fabian,,Fenner,Noreen,A
74501,Common Sense for Sarasota,PAC,Political Committee,783 South Orange Avenue,Third Floor,Sarasota,FL,34236,Sarasota,9415569030,Goodrich,Brian,,Goodrich,Brian,
80020,Common Sense Government,PAC,Political Committee,2100 Salzedo Street,Suite 200,Coral Gables,FL,33134,Miami-Dade,3054386528,Lopez,Vicki,L.,Fiore,Anthony,
71293,Common Voices,PAC,Political Committee,"6619 South Dixie Highway, #148",,Miami,FL,33143,Miami-Dade,3056472666,Miller,Willie,E.,Maggiolo,Gloria,
71848,Communities First Project PC,PAC,Political Committee,Post Office Box 122,,Tallahassee,FL,32302,Leon,3056084300,Camara,Christian,,Camara,Christian,
89534,Community and Conservation PAC,PAC,Political Committee,527 East Park Avenue,,Tallahassee,FL,32301,Leon,8504041000,Galnor,Matt,,Fenner,Noreen,A.
89081,Community Engagement,PAC,Political Committee,527 East Park Avenue,,Tallahassee,FL,32301,Leon,8504041000,DePriest,Jennings,,Fenner,Noreen,A.
84148,Community First,PAC,Political Committee,847 Northwest 119th Street,Suite 202,Miami,FL,33168,Miami-Dade,7865878740,Brown,Vincent,T,Forde,Andrea,
81501,Community Inclusion Committee,PAC,Political Committee,531 West Union Street,,Jacksonville,FL,32202,Duval,9043079758,Jean-Bart,Leslie,Scott,Jean-Bart,Leslie,Scott
89899,Community Legacy Partnership,PAC,Political Committee,Post Office Box 122,,Tallahassee,FL,32302,Leon,3056084300,Camara,Christian,R.,Camara,Christian,R.
89261,Community Progress,PAC,Political Committee,201 South Monroe Street,4th Floor,Tallahassee,FL,32301,Leon,8507240605,Kato,Natalie,,Kato,Natalie,
78792,Concerned Citizens for Judicial Integrity and Fairness,PAC,Political Committee,Post Office Box 1701,,Tallahassee,FL,32302,Leon,8505674878,Herron,Mark,,Herron,Mark,
89436,Concerned Citizens of Lauderhill,PAC,Political Committee,Post Office Box 1701,,Tallahassee,FL,323021701,Leon,8505674878,Herron,Mark,,Herron,Mark,
88592,Concerned Citizens of Orange County,PAC,Political Committee,Post Office Box 1701,,Tallahassee,FL,32302,Leon,8505674878,Herron,Mark,,Herron,Mark,
83468,Concerned Residents Committee,PAC,Political Committee,1421 SW 107 Ave,Suite 248,Miami,FL,33174,Miami-Dade,3052248106,Bustamante,Anthony,,Garcia,Blanca,
73814,Conquistador PC,PAC,Political Committee,2640A Mitcham Drive,,Tallahassee,FL,32308,Polk,8508771099,Hollis,Justin,,Dupree,Abby,F.
65563,Conservatism Counts,PAC,Political Committee,"115 East Park Avenue, Suite 1",,Tallahassee,FL,32301,Leon,3522755004,Jones,William,S.,Jones,William,S.
70040,Conservative Choice,PAC,Political Committee,115 East Park Avenue,Suite 1,Tallahassee,FL,323010000,Leon,3522755004,Jones,William,S.,Jones,William,S.
89447,Conservative Coalition,PAC,Political Committee,Post Office Box 20252,,St. Petersburg,FL,33742,Pinellas,8133357472,London,Tim,,Jodoin,Jamie,C.
86022,Conservative Family Alliance,PAC,Political Committee,252 West Ardice Avenue,#1006,Eustis,FL,32726,Lake,8045910050,Mclntyre,Dustin,,Mclntyre,Dustin,
74340,Conservative Florida,PAC,Political Committee,527 East Park Avenue,,Tallahassee,FL,32301,Leon,8504041000,McClure,Lawrence,,Fenner,Noreen,A.
78970,Conservative for Florida,PAC,Political Committee,527 East Park Avenue,,Tallahassee,FL,32301,Leon,8504041000,Piccolo,Thomas,,Fenner,Noreen,A.
78839,Conservative Governance PAC,PAC,Political Committee,1563 Capital Circle Southeast,Unit 44,Tallahassee,FL,32301,Leon,8502207853,Joseph,Malucci,,Joseph,Malucci,
83868,Conservative Leadership Caucus,PAC,Political Committee,527 East Park Avenue,,Tallahassee,FL,32301,Leon,2394437928,Sund,Andrew,,Fenner,Noreen,
83459,Conservative Leadership for the First Coast,PAC,Political Committee,"1722 NW 80th Blvd, Suite 90",,Gainesville,FL,32606,,3522755004,Jones,William,S.,Jones,William,S.
69286,Conservative Leadership Fund,PAC,Political Committee,"1700 North Monroe Street,",Suite 11-297,Tallahassee,FL,32303,Leon,8502940560,Hanna,Michael,,Elliott,Sam,
83791,Conservative Majority Florida,PAC,Political Committee,1722 Northwest 80th Boulevard,Suite 90,Gainesville,FL,32606,Alachua,3522755004,Jones,William,S.,Jones,William,S.
88694,Conservative Solutions for Florida,PAC,Political Committee,1722 Northwest 80th Boulevard,Suite 90,Gainesville,FL,32606,Alachua,3522755004,Jones,William,S.,Jones,Williams,S.
88693,Conservative Women's Leadership Fund,PAC,Political Committee,1722 Northwest 80th Boulevard,Suite 90,Gainesville,FL,32606,Alachua,3522755004,Jones,Williams,S.,Jones,William,S.
65559,Conservatives,PAC,Political Committee,14260 West Newberry Road #343,,Newberry,FL,32669,Leon,3522755004,Jones,William,S.,Jones,William,S.
70025,Conservatives for a Better Florida,PAC,Political Committee,2100 Salzedo Street,Suite 200,Coral Gables,FL,33134,Miami-Dade,305438658,Perez,Daniel,A.,Fiore,Anthony,
81066,Conservatives For A Better Miami-Dade,PAC,Political Committee,"2100 Salzedo Street, Suite 200",,Coral Gables,FL,33134,Miami-Dade,7864754276,Porras,Juan,,Quintana,Brian,A.
79458,Conservatives for a Brighter Future,PAC,Political Committee,527 East Park Avenue,,Tallahassee,FL,32301,Leon,8504041000,Thompson,Collin,,Fenner,Noreen,A.
89513,Conservatives for a Free Florida,PAC,Political Committee,527 East Park Avenue,,Tallahassee,FL,32301,Leon,8504041000,Piccolo,Tom,,Fenner,Noreen,
74419,Conservatives for Clean Water,PAC,Political Committee,527 East Park Avenue,,Tallahassee,FL,32301,Sarasota,8504041000,Botana,Adam,,Fenner,Noreen,A.
88591,Conservatives for Collier County,PAC,Political Committee,1925 Trade Center Way,Suite 1,Naples,FL,34109,Collier,2393002118,Levine,Jason,,Robinson,Eric,
69596,Conservatives For Effective Government,PAC,Political Committee,120 South Monroe Street,,Tallahassee,FL,32301,Leon,8507277087,Ramba,David,E.,Ramba,David,E.
91437,Conservatives for Ethical Leadership,PAC,Political Committee,8325 SW 118 Terrace,,Miami,FL,33156,Miami-Dade,8509806542,Planas,Juan-Carlos,,Planas,Juan-Carlos,
89362,Conservatives for Florida Agriculture,PAC,Political Committee,527 East Park Avenue,,Tallahassee,FL,32301,Leon,8502120226,Gill,Ryan,,Fenner,Noreen,
69941,Conservatives for Good Government,PAC,Political Committee,527 East Park Avenue,,Tallahassee,FL,32301,Leon,8504041000,Mayfield,Debbie,,Fenner,Noreen,A.
70003,Conservatives for Rural Florida,PAC,Political Committee,527 East Park Avenue,,Tallahassee,FL,32301,Leon,8504041000,Lee,James,D.,Fenner,Noreen,A.
78974,Conservatives Standing Proudly for Common Sense,PAC,Political Committee,527 East Park Avenue,,Tallahassee,FL,32301,Leon,8504041000,Piccolo,Thomas,,Fenner,Noreen,A.
85678,Conservatives USA,PAC,Political Committee,527 East Park Avenue,,Tallahassee,FL,32301,Leon,8504041000,Jones,Gregg,,Fenner,Noreen,A.
73860,Constituent Priorities,PAC,Political Committee,2055 NW Diamond Creek Way,,Jensen Beach,FL,34957,Martin,7722618100,Millner,Michael,,Millner,Michael,
83752,Constituents First Responder,PAC,Political Committee,6800 Southwest 40th Street,#468,Miami,FL,331353708,Miami-Dade,3059050237,Chavez,Christian,,Chavez,Antonia,
88699,Constitution Union PC,PAC,Political Committee,51 Hunt Master Ct,,Ormond Beach,FL,32173,Volusia,3863412245,Longabach,Tucker,,Burchard,Carol,
88566,Consumer Rights Action Fund,PAC,Political Committee,1212 East Paris Street,,Tampa,FL,33604,Hillsborough,3212775115,Fox,John,T.,Fox,John,T.
88574,Consumers for Impartial Courts,PAC,Political Committee,338 North Magnolia Avenue,Suite B,Orlando,FL,32801,Orange,4072175316,Copeland,Todd,E.,Copeland,Todd,E.
83509,Continental Political Committee,PAC,Political Committee,125 S Gadsden St,Suite 100,Tallahassee,FL,32301,Miami-Dade,8509998468,Card,James,,Gabadage,Gangul,
60580,"Coral Gables Fraternal Order of Police, Lodge # 7, Inc.",PAC,Political Committee,265 Sevilla Avenue,,Coral Gables,FL,33134,Miami-Dade,3054466703,Cramer,Joseph,,Reinoso,Klaus,
79561,Coral Gables Professional Firefighters Local 1210 PAC,PAC,Political Committee,Post Office Box 140071,,Coral Gables,FL,33114,Miami-Dade,3057218210,Perez,David,,Chickillo,Wyatt,
64163,Coral Springs Fraternal Order of Police Lodge 87 PAC,PAC,Political Committee,Post Office Box 770626,,Coral Springs,FL,33077,Broward,9543406375,Logan,Corey,,Garner,Brooke,
61070,Council for Senior Floridians,PAC,Political Committee,307 West Park Avenue,,Tallahassee,FL,32301,Leon,8502243907,Weisman,Andrew,,Mitchell,Joe,
90628,Courageous Leadership PAC,PAC,Political Committee,Post Office Box 561553,,Orlando,FL,32806,Orange,4074518563,Farrant,Jonathan,,Farrant,Jonathan,
79016,Craft Brewers of Florida PC,PAC,Political Committee,201 East Park Avenue,Suite 200B,Tallahassee,FL,32301,Leon,8505832400,Aubuchon,Josh,,Closson,Glenn,
60747,Creating Possibilities,PAC,Political Committee,610 South Boulevard,,Tampa,FL,33606,Broward,8132543369,Bogdanoff,Ellyn,,Watkins,Nancy,
84190,Crime Victims of Justice,PAC,Political Committee,2055 NW Diamond Creek Way,,Jensen Beach,FL,34957,Martin,7722618100,Millner,Michael,,Millner,Debbie,
90555,Crusader,PAC,Political Committee,8370 Thames Road,,Baker,FL,32531,Okaloosa,8505433383,Vail,David,Michael,Callahan,Megan,
88936,Cruz For Florida,PAC,Political Committee,4809 Jamaica Lane,,Kissimmee,FL,34746,Osceola,4077915860,Landrua Rivas,Maria,De Los Angeles,Landrua Rivas,Maria,De Los Angeles
60819,CTA St. Lucie County Tiger-Cope,PAC,Political Committee,371 East Midway Road,,Fort Pierce,FL,34982,St. Lucie,7724646430,Rodriguez,Victoria,,Waldrop,Christopher,
9754,Dade County Fire Fighters Local 1403 PAC,PAC,Political Committee,"8000 NW 21st Street, Suite 222",,Miami,FL,331221605,Miami-Dade,3055936100,McAllister IV,William,,Blake,Paul,
60895,Dade County Medical Association PAC,PAC,Political Committee,4150 Belfort Road #551538,,Jacksonville,FL,32255,Miami-Dade,3053248717,Nullman,Andrew,,Fernandez,Rafael,
19932,Dade County Police Benevolent Association P.A.C.,PAC,Political Committee,10680 NW 25th Street,,Doral,FL,331720000,Miami-Dade,3055930044,Stahl,Steadman,,Steadman,Stahl,
84548,Dade Families First PC,PAC,Political Committee,2100 Salzedo Street,Suite 200,Coral Gables,FL,33134,Miami-Dade,3054386528,Milian,Milagros,,Fiore,Anthony,
60559,Dade Farm PAC,PAC,Political Committee,1850 OLD DIXIE HWY,,Homestead,FL,33033,Miami-Dade,3052465514,Schnebly,Peter,,Moehling,Heather,
80265,Dade First PC,PAC,Political Committee,"2100 Salzedo Street, Suite 200",,Coral Gables,FL,33134,Miami-Dade,3054386528,Argota,Yulexis,,Fiore,Anthony,
84687,Daley for Florida,PAC,Political Committee,201 South Monroe Street,4th Floor,Tallahassee,FL,32301,Leon,8507240605,Kato,Natalie,,Kato,Natalie,
69864,Davie Citizens and Firefighters for Better Public Safety,PAC,Political Committee,14822 Breckness Place,,Miami Lakes,FL,33016,Broward,3053028266,Fernandez,Anthony,,Konick,Adam,
83428,Defend Democracy PC,PAC,Political Committee,1742 West Flagler Street,,Miami,FL,33135,Miami-Dade,7867624990,Ulvert,Christian,B.,Kuhn,Maria,
69555,Defending Conservatism and Democracy,PAC,Political Committee,2055 NW Diamond Creek Way,,Jensen Beach,FL,349574427,Martin,7722618100,Burgess,Danny,,Millner,Michael,
73989,Defending Florida,PAC,Political Committee,888 South Andrews Avenue,Suite 201,Fort Lauderdale,FL,33316,Broward,9547670300,Blank,Jason,B.,Blank,Jason,B.
84715,Defending Unborn Life,PAC,Political Committee,33428 Picciola Drive,,Fruitland Park,FL,34731,Lake,3523230667,Loomis,Daniel,Max,Loomis,Daniel,Max
89025,Delmay For Florida,PAC,Political Committee,Post Office Box 30265,,Fort Lauderdale,FL,33303,Broward,9547670300,Delmay,Todd,,Blank,Jason,B.
79798,"Delray Beach for Sensible Government, Inc",PAC,Political Committee,102 Northeast 10th Street,,Delray Beach,FL,33444,Palm Beach,6176807410,Mollica,Judy,,English,Steven,D
83824,Deltona First Action,PAC,Political Committee,237 Gull Drive,,Daytona Beach,FL,32119,Volusia,3869991971,Nichols,Philip,,Nichols,Philip,
79692,Democracy and Freedom,PAC,Political Committee,1742 West Flagler Street,,Miami,FL,33135,Miami-Dade,7867624990,Ulvert,Christian,,Kuhn,Maria,
79781,Democracy Forever PC,PAC,Political Committee,3116 Coral Ridge Drive,,Coral Springs,FL,33065,Broward,9545938826,Rose,Amy,,Rose,Amy,
74293,Democratic Strategies Network,PAC,Political Committee,Post Office Box 30295,,Fort Lauderdale,FL,33303,Broward,9547670300,Haber,Jason,H.,Blank,Jason,B.
60969,Democratic Women's Club of Florida Political Committee,PAC,Political Committee,148 Oak Branch Street,,Orlando,FL,32811,Charlotte,4074349084,Ryan,Deborah,B.,Ryan,Deborah,B.
74659,Democrats Insisting on Common Sense,PAC,Political Committee,Post Office Box 30295,,Fort Lauderdale,FL,33303,Broward,9547670300,Haber,Jason,H.,Blank,Jason,B.
60659,Dermatology PAC of Florida,PAC,Political Committee,527 East Park Avenue,,Tallahassee,FL,32301,Leon,8504041000,Weinstein,Andrew,,Inglese,Marc,
89421,Directing the Future of Florida,PAC,Political Committee,8983 Okeechobee Boulevard,Suite 202,West Palm Beach,FL,33411,Palm Beach,5616146394,Williams,Calvin,,Williams,Calvin,
84085,Disabled Veterans of Florida,PAC,Political Committee,14051 Islamorada Drive,,Orlando,FL,32837,Orange,4073615030,Fetzer,Jeremy,,Fetzer,Jeremy,
78929,Disciplined Leadership,PAC,Political Committee,527 East Park Avenue,,Tallahassee,FL,32301,Leon,8504041000,Fenner,Noreen,,Fenner,Noreen,A.
84406,Divots For Democracy,PAC,Political Committee,4750 Welch Cswy,,St. Petersburg,FL,33708,Pinellas,7277439893,Hankinson,Karen,,Hankinson,Karen,
74839,Do Better,PAC,Political Committee,2601 South Douglas Road,Suite 800,Coral Gables,FL,33134,Miami-Dade,,Diaz-Padron,Eric,,Trueba,Carlos,M.
83928,Do Good,PAC,Political Committee,Post Office Box 12883,,Miami,FL,33101,Miami-Dade,3052695279,Hardemon,Keon,,Hardemon,Keon,
83453,Dolphin Dems PC,PAC,Political Committee,PO Box 30295,,Fort Lauderdale,FL,33303,Broward,9547670300,Olvera,Alfredo,,Blank,Jason,B.
84767,Doral Unites PC,PAC,Political Committee,4914 SW 72 Avenue,,Miami,FL,33155,Miami-Dade,3054450777,Sanchez,Tyler,,Miranda,Jeannine,R.
78944,Down Ballot Democrats,PAC,Political Committee,1563 Capital Circle SE #125,,Tallahassee,FL,32301,Leon,8507240605,Kato,Natalie,A.,Kato,Natalie,A.
73835,Dream Defenders Political Action Committee,PAC,Political Committee,4300 NW 12th Ave,,Miami,FL,33127,Miami-Dade,7865655875,Gilmer,Rachel,,Maggiolo,Gloria,
85942,Drucker For Florida,PAC,Political Committee,Post Office Box 30265,,Fort Lauderdale,FL,33303,Broward,9547670300,Drucker,Selma,,Blank,Jason,B
85624,DSP Partners,PAC,Political Committee,Post Office Box 470849,,Lake Monroe,FL,32747,,4077926365,Sturgill,Scott,,Sturgill,Scott,
60678,Duke Energy Corporation Florida PAC,PAC,Political Committee,1301 Pennsylvania Avenue NW,Suite 200,Washington,DC,20004,,7043826831,Murphy,Melissa,,Sirota,Elizabeth,
84640,Duval for All,PAC,Political Committee,701 South Howard Avenue,#106-813,Tampa,FL,33606,Hillsborough,8137330070,Brill,Jonathan,,Brill,Jonathan,
88735,Duval Forward,PAC,Political Committee,201 South Monroe Street,4th Floor,Tallahassee,FL,32301,Leon,8507240605,Kato,Natalie,,Kato,Natalie,
88569,Duval Teachers United PAC,PAC,Political Committee,1601 Atlantic Boulevard,,Jacksonville,FL,32207,Duval,9043964063,Howell,Rhonda,,Faust,Sybil,
93231,Duval War Room,PAC,Political Committee,"1722 NW 80th Blvd, Suite 90",,Gainesville,FL,32606,Alachua,3522755004,Jones,William,S.,Jones,William,S.
60764,East Central Florida Chamber Alliance,PAC,Political Committee,Post Office Box 11309,,Tallahassee,FL,32302,Leon,8505211200,Walker,Frank,,DeWitt,Parker,
42138,East Pasco Democratic Club Political Action Committee,PAC,Political Committee,Post Office Box 98,,Zephyrhills,FL,335390000,Pasco,3525676900,Washington,James,,Hires,Kristine,
61234,EC-PAC,PAC,Political Committee,527 East Park Avenue,,Tallahassee,FL,32301,Palm Beach,8504041000,Gast,Allen,,Kohner,Michael,L.
85830,Educated Professionals for Jacksonville,PAC,Political Committee,527 East Park Avenue,,Tallahassee,FL,32301,Duval,8504041000,Burton,Pamela,,Fenner,Noreen,A.
88590,"Educated We Stand Florida, Inc.",PAC,Political Committee,Post Office Box 372384,,Satellite Beach,FL,32937,Brevard,3054699013,Hernandez-Mats,Karla,,Hernandez-Mats,Karla,
89783,Educating Miami Dade,PAC,Political Committee,4914 Southwest 72 Avenue,,Miami,FL,33155,Miami-Dade,3054450777,Espinoza,Jose,,Miranda,Jeannine,Riesco
83559,Educating voters for a better Government,PAC,Political Committee,12789 Dixie Highway,,North Miami,FL,33161,Miami-Dade,7865588403,Francius,Wancito,,Francius,Wancito,
84679,Education Defense Fund,PAC,Political Committee,1814 West University Avenue,,Gainesville,FL,32603,Alachua,9046547404,Andrews,Nicholas,P,Andrews,Nicholas,P.
83970,Education First for IRC,PAC,Political Committee,120 South Monroe Street,,Tallahassee,FL,32301,Leon,8507277087,Ramba,David,E,Ramba,David,E
84480,Education For The Future,PAC,Political Committee,4914 SW 72 Avenue,,Miami,FL,33155,Miami-Dade,3054450777,Blanco,Mary,,Miranda,Jeannine,R.
79806,Educators and Parents for School Excellence,PAC,Political Committee,"4522 W Village Drive, 655",,Tampa,FL,33624,,8135230326,White,Wendy,,White,Wendy,
84395,Eduvoter Action Fund,PAC,Political Committee,14082 Southwest 176th Terrace,,Miami,FL,33177,Miami-Dade,3054960398,Etienne,Crystal,,Etienne,Ralph,
79877,Effective Leadership for Jacksonville,PAC,Political Committee,527 East Park Avenue,,Tallahassee,FL,32301,Duval,8502120226,Klein,James,,Fenner,Noreen,A.
88824,EHR Force,PAC,Political Committee,8962 SW 142nd Avenue,#1219,Miami,FL,33186,Miami-Dade,8504499431,Ehr,Phil,,Ehr,Phil,
86106,Election Integrity For Florida,PAC,Political Committee,1170 Tree Swallow Lane Drive,Suite 376,Winter Springs,FL,32708,Seminole,4079074260,Anderson,Ebony,,Anderson,Ebony,
60990,ELECTRO-PC 359,PAC,Political Committee,7811 Coral Way #101,,Miami,FL,33155,Miami-Dade,3052611300,Mattox,Dwight,A.,Lamb,Walter,H.
1687,Electropac 1191,PAC,Political Committee,3994 Florida Blvd,Suite 202,Palm Beach Gardens,FL,33410,Palm Beach,5616242700,Davis,Phil,,Mulgrew,Terrence,P.
93199,Electropac 349,PAC,Political Committee,1657 NW 17 Avenue,,Miami,FL,33125,Miami-Dade,3053251330,Rappaport,Brian,,Rappaport,Brian,
1713,Electropac 820,PAC,Political Committee,"945 25th Drive East, #9",,Ellenton,FL,342220000,Palm Beach,9417225323,Porter III,Robert,E.,Palmer,Martha,
84669,Elevate Florida Communities,PAC,Political Committee,6619 South Dixie Highway,No 148,Miami,FL,33143,Miami-Dade,3056472666,Guerra,Daniel,A.,Maggiolo,Gloria,
84250,Elevating Children's Health PC,PAC,Political Committee,527 East Park Avenue,,Tallahassee,FL,32301,Leon,8504041000,Bridges,Robert,D,Fenner,Noreen,A
74719,Elevating Florida's Future,PAC,Political Committee,527 East Park Avenue,,Tallahassee,FL,32301,Leon,8504041000,Jenkins,Kevin,,Fenner,Noreen,A.
79998,Embrace Equality,PAC,Political Committee,"3220 N Street Northwest, #240",,Washington,DC,20007,Broward,2022401682,Terzo,Nick,,Terzo,Nick,
89357,Embrace Florida's Future,PAC,Political Committee,701 S Howard Ave #106-813,,Tampa,FL,33606,Hillsborough,8137330070,Ramos,Gerald,,Brill,Jonathan,
60951,Emergency Care for Florida,PAC,Political Committee,400 N Wymore Rd,,Winter Park,FL,32789,Orange,4072817396,Buchanan,Blake,,Keahey,Melissa,
45307,Emgage Florida PAC,PAC,Political Committee,3425 US Highway 98 North,,Lakeland,FL,33809,Broward,9543747722,Alam,Shahmeer,,Mitha,Amin,
88718,Empower HER PAC,PAC,Political Committee,1000 Brickell Avenue,Suite 715 PMB 250,Miami,FL,33131,Miami-Dade,9545938826,Rose,Amy,,Rose,Amy,
90008,Empowered Women Govern,PAC,Political Committee,701 South Howard Avenue,#106-813,Tampa,FL,33606,Palm Beach,8137330070,Goldberger,Matthew,,Brill,Jonathan,
88893,Empowering Florida's Future,PAC,Political Committee,527 East Park Avenue,,Tallahassee,FL,32301,Leon,8504041000,Blose,Greg,,Fenner,Noreen,A.
88606,Engage Florida's Future,PAC,Political Committee,PO Box 415698,,Miami Beach,FL,33141,Miami-Dade,8025224266,Pelham,Rebecca,,Pelham,Rebecca,
89367,"Engage Y'all PAC Florida, Inc.",PAC,Political Committee,13 Palafox Place Suite 200,,Pensacola,FL,32502,Escambia,4234433308,Wiley,Erin,,Haggard,Lora,
79007,Engaged Communities PC,PAC,Political Committee,Post Office Box 30295,,Fort Lauderdale,FL,33303,Broward,9547670300,Collum,Emma,,Blank,Jason,B.
64970,Engaged Florida,PAC,Political Committee,1742 W Flagler Street,,Miami,FL,33135,Miami-Dade,7867624990,Ulvert,Christian,,Kuhn,Maria,
85640,Engineering a Conservative Florida,PAC,Political Committee,133 Harbor Drive South,,Venice,FL,34285,Sarasota,9414887794,Conerly,Bill,,Robinson,Eric,
64420,EPIC PharmPAC of Florida,PAC,Political Committee,2367 Coral Point Drive,,Cape Coral,FL,339903812,Lee,4105998316,Mansour,John,,Leonhardt,Anna,M
45409,"Equality Florida Action PAC, Inc.",PAC,Political Committee,"15257 Amberly Drive, Suite 382",,Tampa,FL,33647,Pinellas,4074974986,Saunders,Joseph,,Maurer,Jon,Harris
88781,"Equitable Change, Hope and Opportunity PC (ECHO)",PAC,Political Committee,701 S. Howard Avenue #106-813,,Tampa,FL,33606,Orange,8137330070,Perkins,Michael,,Brill,Jonathan,
89475,Ethical Leadership,PAC,Political Committee,527 East Park Avenue,,Tallahassee,FL,32301,Leon,8504041000,Gardner,Will,,Fenner,Noreen,A.
70258,Ethics and Honesty in Government,PAC,Political Committee,4914 SW 72 Avenue,,Miami,FL,33155,Miami-Dade,3054450777,Rodriguez,Ana,Maria,Riesco,Jose,A.
75015,Everglades Water Trust,PAC,Political Committee,610 South Boulevard,,Tampa,FL,33606,Hillsborough,8132543369,Barley,Mary,,Watkins,Nancy,H.
84145,Every Vote Is Essential,PAC,Political Committee,1563 Capital Circle Southeast,#142,Tallahassee,FL,32301,Leon,8507240605,Kato,Natalie,,Kato,Natalie,
88705,Excellent Public Schools PAC,PAC,Political Committee,2640A Mitcham Drive,,Tallahassee,FL,32308,Leon,8508771099,Goldey,Mark,,Heitmeyer,Rich,
89790,FACT-PAC FLORIDA,PAC,Political Committee,527 East Park Avenue,,Tallahassee,FL,32301,Leon,8504041000,Widman,Shannon,,Fenner,Noreen,A
89017,Facts Are Important,PAC,Political Committee,"3200 Summit Boulevard, #16223",,West Palm Beach,FL,33416,Palm Beach,5612647369,Fisher,Margaret,L.,Fisher,Margaret,L.
88706,Facts Matter PC,PAC,Political Committee,"4522 W Village Drive, #655",,Tampa,FL,33624,Hillsborough,8135230326,White,Wendy,,White,Wendy,
89577,FAFO PAC,PAC,Political Committee,1722 Northwest 80th Boulevard,Suite 90,Gainesville,FL,32606,Alachua,3522755004,Jones,William,S.,Jones,William,S.
60721,FAIAPAC,PAC,Political Committee,Post Office Box 12001,,Tallahassee,FL,32317,Leon,8508934155,Wiles,Douglass,F.,Pearce,Laura,B.
80342,Fair Competition in Broadband PAC,PAC,Political Committee,108 South Monroe Street,,Tallahassee,FL,32301,Leon,8506810024,Dudley,Charles,F.,Fenner,Noreen,
81053,Fair Courts Florida,PAC,Political Committee,1212 East Paris Street,,Tampa,FL,33604,Leon,3212775115,Fox,John,T.,Fox,John,T.
89247,Fair Deal Florida,PAC,Political Committee,"701 S. Howard Avenue, #106-813",,Tampa,FL,33606,Hillsborough,8137330070,Clay,Karen,,Brill,Jonathan,
79918,Fair Democracy Florida,PAC,Political Committee,701 South Howard Avenue,#106-813,Tampa,FL,33606,Broward,8137856335,Brill,Jonathan,,Brill,Jonathan,
89769,Fair Governance For Florida,PAC,Political Committee,Post Office Box 30295,,Fort Lauderdale,FL,33303,Broward,9547670300,Mathers,Kay,,Blank,Jason,B.
74913,"Fair Government For Sumter, Inc.",PAC,Political Committee,"333 Colony Boulevard, #160",,The Villages,FL,32162,Sumter,3522635691,Panos,Reed,G.,McMillan,Matthew,
89871,Fair Justice for All,PAC,Political Committee,Post Office Box 1543,,Miami Beach,FL,33119,Miami-Dade,3054075842,Olsen,Brendan,,Olsen,Brendan,
74474,Fair Maps Florida,PAC,Political Committee,2423 SW 147th Ave. #550,,Miami,FL,33185,Miami-Dade,7723247627,Herrin,Garrett,,Herrin,Garrett,
54359,Fairness in Taxation,PAC,Political Committee,"7601 East Treasure Drive, #824",,North Bay Village,FL,331410000,Broward,3053329446,Neves,Ricardo,S,Lamar,Elizabeth,
80401,Faith Family Freedom Coalition,PAC,Political Committee,527 East Park Avenue,,Tallahassee,FL,32301,Leon,8504041000,Tramont,Chase,,Fenner,Noreen,A.
89574,Faith In Florida's Future,PAC,Political Committee,c/o Red Curve Solutions,"138 Conant Street, Suite 401",Beverly,MA,1915,Leon,6173036800,Lee,Laurel,,Crate,Bradley,T.
91445,Families & Friends for the Keys,PAC,Political Committee,527 East Park Avenue,,Tallahassee,FL,32301,Leon,8504041000,Niles,Jack,,Fenner,Noreen,
91623,Families for a Free Florida,PAC,Political Committee,"4522 West Village Drive, #655",,Tampa,FL,33624,Hillsborough,8135230326,White,Wendy,,White,Wendy,
89461,Families for Change,PAC,Political Committee,11046 Wildlife Trail,,Tallahassee,FL,32312,Leon,8502120795,Perry,Joseph,,Perry,Joseph,
91068,Families for Florida Political Committee,PAC,Political Committee,"701 S. Howard Avenue, #106-813",,Tampa,FL,33606,Hillsborough,8137330070,Cancel,Giann,,Brill,Jonathan,
74341,Families for Freedom and Fairness,PAC,Political Committee,1375 Jackson Street,Suite 202,Fort Myers,FL,33901,Lee,8504041000,Miller,Terry,,Fenner,Noreen,
79319,"Family Always Comes First, Inc.",PAC,Political Committee,10800 Biscayne Blvd. Ste 900,,Miami,FL,33161,Orange,3057540118,Simmons,Victricia,,Simmons,Victricia,
79245,FANS PAC,PAC,Political Committee,Post Office Box 1701,,Tallahassee,FL,32302,Miami-Dade,8505674878,Harris,Bob,,Herron,Mark,
60830,FAPSC PAC,PAC,Political Committee,150 South Monroe Street,Suite 306,Tallahassee,FL,32301,Leon,8505773139,Biederman,Brandon,,Mortham,Allen,
79635,FASD PC,PAC,Political Committee,120 South Monroe Street,,Tallahassee,FL,32301,Leon,8507277087,Ramba,David,E,Kruse,Rachel,
60763,FCCFA Political Action Committee,PAC,Political Committee,325 John Knox Road,Suite L-103,Tallahassee,FL,32303,Leon,8002263332,Knopke,Keenan,,Coney,Lisa,
81496,Federated Republican Women of Clay PAC,PAC,Political Committee,2099 Winterbourne East #206,,Orange Park,FL,32073,Clay,9046274535,Dougher,Leslie,,Irvine,Chance,
83872,Felicia For Florida,PAC,Political Committee,"513 NW 1ST AVENUE, 2",,HALLANDALE BEACH,FL,33009,Miami-Dade,3056009035,Robinson,Felicia,,Bowles,Donna,
84255,Fentrice for Florida PC,PAC,Political Committee,Post Office Box 1701,,Tallahassee,FL,32302,Hillsborough,8505674878,Herron,Mark,,Herron,Mark,
79847,FHAA PC,PAC,Political Committee,120 South Monroe Street,,Tallahassee,FL,32301,Leon,4075080340,McCormick,Joseph,,McCormick,Joseph,
61106,"Fidelity National Financial, Inc. PAC for Florida",PAC,Political Committee,"601 Riverside Avenue, Bldg V",,Jacksonville,FL,32204,Duval,9048548100,Maroon,Sarah,,Maroon,Sarah,
79311,Fight for Florida,PAC,Political Committee,"115 East Park Avenue, Suite 1",,Tallahassee,FL,32301,Leon,2022391642,Jones,William,S.,Jones,William,S.
93220,Fight for Florida's Future,PAC,Political Committee,"1334 Timberlane Road, Suite 15",,Tallahassee,FL,32312,Leon,8134177025,Brothers,Riley,,Brothers,Riley,
84010,Fight for Tomorrow,PAC,Political Committee,1722 Northwest 80th Blvd,Suite 90,Gainesville,FL,32606,Alachua,3522755004,Jones,William,S,Jones,Williams,S
88503,Fighting For A Better Miami-Dade,PAC,Political Committee,2100 Salzedo Street,Suite 200,Coral Gables,FL,33134,Miami-Dade,3054386528,Tapia,Damian,,Fiore,Anthony,
89365,Fighting For Florida Education Committee,PAC,Political Committee,Post Office Box 700921,,St.Cloud,FL,34770,Osceola,3215250305,Bronson,David,Andrew,Bronson,Hunter,Andrew
64489,Fighting For Florida's Families,PAC,Political Committee,4914 SW 72 Avenue,,Miami,FL,33155,Miami-Dade,3054450777,Avila,Bryan,,Riesco,Jose,A.
64781,Fighting For Florida's Future PC,PAC,Political Committee,120 South Monroe Street,,Tallahassee,FL,32301,Leon,8507277087,Ramba,David,E.,Ramba,David,E.
83336,Fighting for the Future,PAC,Political Committee,2618 Centennial Place,,Tallahassee,FL,32303,,8505674878,Herron,Mark,,Herron,Mark,
60709,Financial Reform in Government Network,PAC,Political Committee,527 East Park Avenue,,Tallahassee,FL,32301,Leon,8504041000,Ritchie,Glenn,,Dewhurst,Craig,
73756,Fire PAC,PAC,Political Committee,309 1/2 Southwest 26 Street,,Fort Lauderdale,FL,33315,Broward,9547646665,Costa,Keith,,Zauner,Ryan,
73838,"Fire Safe Florida Political Committee, Inc.",PAC,Political Committee,Post Office Box 11247,,Tallahassee,FL,32302,Leon,8504254000,Kinsell,Brad,,Brown,Thomas,M.
37724,Firefighter FACT PAC,PAC,Political Committee,3711 South Congress Avenue,,Palm Springs,FL,33461,Palm Beach,5619690729,Newsome,Jeffrey,,D'Ariano,Angelo,
64257,Firefighter for a Better Hernando,PAC,Political Committee,2331 Sutton Place,,Spring Hill,FL,34608,Hernando,3526506324,Babino,Nick,,Haas,Jason,
89432,Firefighters and Paramedics for Public Safety,PAC,Political Committee,"752 Commerce Drive, Suite 1",,Venice,FL,34292,Sarasota,9414855193,Berzowski,Jason,,Rigney Jr,Johnny,
80575,Firefighters For A Safer Future,PAC,Political Committee,120 South Monroe Street,,Tallahassee,FL,32301,Leon,8507277087,Ramba,David,E.,Ramba,David,E.
74153,Firefighters for Informed and Responsible Electorate,PAC,Political Committee,3116 North Boulevard,,Tampa,FL,33603,Hillsborough,8132297540,Stocco,Nick,,Finney,Jeremy,
74986,Firefighters of Pasco FIREPAC,PAC,Political Committee,Post Office Box 220,,San Antonio,FL,33576,Pasco,8137146462,Price Jr,Walter,B.,Falls,John,
84947,FirePAC 4807,PAC,Political Committee,25 Bayside Drive,,Palm Coast,FL,32137,Flagler,3862909722,Hackney,Daniel,,Juliano,Patrick,
69438,First Amendment Fund,PAC,Political Committee,527 East Park Avenue,,Tallahassee,FL,32301,Leon,8504041000,Johnston,Richard,,Fenner,Noreen,A.
84150,First Coast Blue Life PC,PAC,Political Committee,527 East Park Avenue,,Tallahassee,FL,32301,Leon,8504041000,Willard,James,,Fenner,Noreen,A
84595,First Coast Conservative Coalition,PAC,Political Committee,527 East Park Avenue,,Tallahassee,FL,32301,Leon,9044178573,Greco,Sam,,Fenner,Norren,A.
62350,First Coast Conservatives,PAC,Political Committee,"115 East Park Avenue, Suite 1",,Tallahassee,FL,323010000,Leon,3522755004,Jones,William,S.,Jones,William,S.
79392,First Coast Forward,PAC,Political Committee,13885 Ibis Point Boulevard,,Jacksonville,FL,32224,Duval,8504451781,Hicks,Joshua,,Hicks,Joshua,
75852,First Coast Leadership,PAC,Political Committee,7749 Normandy Boulevard,Suite 145-805,Jacksonville,FL,32221,Duval,3522755004,Biddle,David,,Biddle,David,
60955,First Coast Manufacturers Association Candidate Support Com.,PAC,Political Committee,"1615 Huffingham Road, Suite 2",,Jacksonville,FL,32216,Duval,9042969664,Avery,Ron,,Ray III,Lake,G.
74997,First Coast Sunlight,PAC,Political Committee,527 East Park Avenue,,Tallahassee,FL,32301,Leon,8504041000,Johnson,David,,Fenner,Noreen,A.
83484,First Responder Coalition,PAC,Political Committee,120 South Monroe Street,,Tallahassee,FL,32301,Leon,8507277087,Ramba,David,E,Ramba,David,E
88654,FL Ambulance PAC,PAC,Political Committee,1201 Wilson Blvd. FL 27,,Arlington,FL,22209,Leon,8502145130,Ramotar,Terence,,Waller,Theresa,
89110,FL Independent Automobile Dealers Association,PAC,Political Committee,336 E. New York Avenue,Post Office Box 305,DeLand,FL,32721,Volusia,3862871869,Bonanno,Chuck,,Finlay,Jennifer,
83573,Flagler Forever,PAC,Political Committee,250 Palm Coast Parkway NE,Suite 607  # 258,Palm Coast,FL,32137,Flagler,8504041000,Johnson,David,,Fenner,Noreen,A
30880,Flagler Volusia Chiropractic Society PAC (FVCS PAC),PAC,Political Committee,905 North Stone Street,,DeLand,FL,327200000,Volusia,3867951965,Gordon,Jeremy,,Steflik,Timothy,
91441,Flip Florida,PAC,Political Committee,8325 SW 118 Terrace,,Miami,FL,33156,Miami-Dade,8509806542,Planas,Juan-Carlos,,Planas,Juan-Carlos,
61003,Florian Labor Association of Municipal Employees Political Committee,PAC,Political Committee,5240 1st Avenue North,,St. Petersburg,FL,33710,Pinellas,7273231786,Pauley Jr,Richard,E.,Schumm,Chad,W.
88957,Florida 180,PAC,Political Committee,733 Pinehurst Way,,Palm Beach Gardens,FL,33418,Palm Beach,9083771558,Cole,Maria,,Miller,Sara,T.
64380,Florida 2020,PAC,Political Committee,118 North Gadsden Street,,Tallahassee,FL,32301,Leon,8503208515,Ausley,Loranne,,Hollimon,William,
89151,Florida 2026,PAC,Political Committee,Post Office Box 106,,Largo,FL,33779,Hillsborough,8135059695,Schock,Tim,,Clark,Phil,
64285,Florida 32BJ United American Dream Fund,PAC,Political Committee,1313 Northwest 36th Street,Suite 501,Miami,FL,33142,Miami-Dade,2123882175,Tolliver,Candis,,Santos,John,
79399,Florida Academy of Nutrition and Dietetics,PAC,Political Committee,Post Office Box 954134,,Lake Mary,FL,327954134,Seminole,8503868850,O'Neill,Peggy,,Scannell,Robin,J.
60976,"Florida Academy of Physician Assistants, Inc., PC",PAC,Political Committee,119 South Monroe Street,Suite 202,Tallahassee,FL,32301,Leon,8507014797,Clark,Christina,,Mixon,Corinne,
60473,Florida ACRE,PAC,Political Committee,2916 Apalachee Parkway,,Tallahassee,FL,32301,Leon,8508776166,Pilcher,Terry,,Bjorklund,Michel,L.
60683,Florida AFL-CIO Committee on Political Education,PAC,Political Committee,135 South Monroe Street,,Tallahassee,FL,32301,Leon,8502246926,Holdridge,Kimberly,A.,Rivera,Maira,
60714,Florida Agents for Insurance Reform,PAC,Political Committee,527 East Park Avenue,,Tallahassee,FL,32301,Leon,8504041000,Ritchie,Glenn,,Dewhurst,Craig,
60745,Florida Agribusiness for Responsible Government,PAC,Political Committee,Post Office Box 587,,Bartow,FL,338310587,Polk,8636864827,Faircloth,Jim,,Hartney,Mary,C.
90805,Florida ALARM PAC,PAC,Political Committee,Post Office Box 10448,,Tallahassee,FL,32302,Leon,8502241900,Few,Shannon,,Fenner,Noreen,A.
61005,Florida ALARMPAC,PAC,Political Committee,Post Office Box 10448,,Tallahassee,FL,32302,Broward,8508946601,Few,Shannon,,Fenner,Noreen,
78939,Florida Always and Forever Ours,PAC,Political Committee,701 South Howard Avenue,#106-813,Tampa,FL,33606,Leon,8137856335,Epstein-Ortiz,Eve,,Brill,Jonathan,
79844,Florida Always First,PAC,Political Committee,4914 SW 72 Avenue,,Miami,FL,33155,Miami-Dade,3054450777,Cruz,Jorge,,Riesco,Jose,A.
89082,Florida America First,PAC,Political Committee,527 East Park Avenue,,Tallahassee,FL,32301,Leon,8504041000,DePriest,Jennings,,Fenner,Noreen,A.
60594,Florida Architects PAC,PAC,Political Committee,104 East Jefferson Street,,Tallahassee,FL,32301,Leon,8502227590,Magdaleno,Becky,,Johnson,Wendy,
84151,Florida Asian American Business PC,PAC,Political Committee,43 South Powerline Road,Box 367,Pompano Beach,FL,33069,Broward,5615931233,Yeung,Kenneth,,Fenner,Noreen,
61139,Florida Asphalt Contractors Political Committee,PAC,Political Committee,527 East Park Avenue,,Tallahassee,FL,32301,Leon,8504041000,Miller,Amy,,Fenner,Noreen,A.
60667,Florida Assisted Living Political Action Committee,PAC,Political Committee,527 East Park Avenue,,Tallahassee,FL,32301,Leon,8504041000,Spruill,Monique,,Kimball,Chuck,
60997,Florida Association for Behavior Analysis PAC,PAC,Political Committee,Post Office Box 10448,,Tallahassee,FL,323022448,Leon,8508946601,Riordan,Mary,,Prutsman,Eric,D.
60983,Florida Association of Health Plans PC,PAC,Political Committee,1574 Village Square Blvd.,Suite 200,Tallahassee,FL,32309,Duval,8503862904,Hunt,Brittney,,Watkins,Nancy,H.
60554,Florida Association of Mortgage Professionals PAC,PAC,Political Committee,113 South Monroe Street,1st Floor,Tallahassee,FL,32301,Leon,8509426411,Aubut,Michael,,Riesterer,Ryan,
89355,Florida Association of Nurse Anesthesiology Political Action Committee,PAC,Political Committee,119 South Monroe Street,Suite 202,Tallahassee,FL,32301,Leon,8506816788,Dixon,Melanie,,Ecenia,Stephen,A
61177,Florida Association of School Administrators PC,PAC,Political Committee,119 South Monroe Street,Suite 202,Tallahassee,FL,32301,Leon,8507014797,Swartzel,Steve,,Mixon,Juhan,
61225,Florida Attractions Political Action Committee,PAC,Political Committee,1114 North Gadsden Street,,Tallahassee,FL,32303,Leon,8502222885,Stavely,Cindy,J,Lupfer,William,
83617,Florida Back The Blue,PAC,Political Committee,PO Box 70012,,St. Cloud,FL,34770,Osceola,4073615030,Fetzer,Jeremy,,Fetzer,Jeremy,
60885,Florida Bankers Association Political Action Committee,PAC,Political Committee,1001 Thomasville Road,Suite 201,Tallahassee,FL,32303,Leon,8502242265,Betancourt,Ralph,,Jordan,Lesley,
89500,Florida Beautiful,PAC,Political Committee,2850 N. Andrews Avenue,,Fort Lauderdale,FL,33311,Broward,8133357472,McGee,Andrea,,Jodoin,Jamie,C.
60960,Florida Beer Wholesalers Good Government Committee,PAC,Political Committee,215 South Monroe Street,Suite 340,Tallahassee,FL,32301,Leon,8502242337,Daley,Kenneth,,Bowler,Kevin,F.
65736,Florida Beer Wholesalers Political Committee,PAC,Political Committee,215 South Monroe Street,Suite 340,Tallahassee,FL,323010000,Leon,8502242337,Daley,Kenneth,,Bowler,Kevin,F.
89360,Florida Beverage PAC,PAC,Political Committee,527 East Park Avenue,,Tallahassee,FL,32301,Leon,8504041000,DeWitt,Elizabeth,Castro,Fenner,Noreen,
88701,Florida Blue Dog Progressives,PAC,Political Committee,527 East Park Avenue,,Tallahassee,FL,32301,Leon,8504041000,Bishop,Barney,,Fenner,Noreen,A.
79910,Florida Bold Leadership,PAC,Political Committee,4370 Northwest 107 Avenue,Suite 104,Doral,FL,33178,Miami-Dade,3058786725,Porras,Maureen,,Porras,Maureen,
84159,Florida Born and Raised,PAC,Political Committee,527 East Park Avenue,,Tallahassee,FL,32301,Leon,8504041000,Woodard,Lashaun,,Fenner,Noreen,A
78776,Florida Business Leadership,PAC,Political Committee,14260 West Newberry Rd. #343,,Newberry,FL,32669,Alachua,3522755004,Jones,William,S.,Jones,William,S.
61060,Florida Campground Political Action Committee,PAC,Political Committee,1340 Vickers Road,,Tallahassee,FL,32303,Leon,8505627151,Usina,Frank,,Cornwell,Bobby,
60913,Florida Carpenters Regional Council PAC Fund,PAC,Political Committee,2860 NW 27th Avenue,,Fort Lauderdale,FL,33311,Broward,3055576100,Warren,Gary,H,Griffin,Kavin,
34888,Florida CDM Smith Inc. Political Action Committee,PAC,Political Committee,"621 NW 53 Street, Suite 265",,Boca Raton,FL,33487,Palm Beach,4076602552,Leo,Kevin,C.,Sterling,Lisa,
61021,Florida Certified Professionals Political Committee,PAC,Political Committee,1715 South Gadsden Street,,Tallahassee,FL,32301,Leon,8502226314,McGarry,Neal,,McGarry,Neal,
61356,"Florida Chamber of Commerce Alliance, Inc.",PAC,Political Committee,Post Office Box 11309,,Tallahassee,FL,32302,Leon,8505211200,Wilson,Mark,,DeWitt,Parker,
60769,Florida Chamber of Commerce PAC,PAC,Political Committee,Post Office Box 11309,,Tallahassee,FL,32302,Leon,8505211200,Walker III,Frank,C,DeWitt,Parker,
83827,Florida Chiropractic Coalition Pac,PAC,Political Committee,Post Office Box 1411,,Land O Lakes,FL,34639,Pasco,8139243776,Warner,Peggy`,,Warner,Peggy,
60518,Florida Chiropractic Society - Political Action Committee,PAC,Political Committee,7721 Hidden Pond Lane,,N. Fort Myers,FL,33917,Pinellas,2395609766,Means II,Rick,,Freemyer,Josh,
60829,Florida Citrus Mutual Poltical Committee,PAC,Political Committee,600 N BROADWAY AVE,SUITE 101,Bartow,FL,33830,Lake,8636821111,Story Jr.,Victor,,Sparks,Michael,W.
60512,Florida Citrus Packers PAC,PAC,Political Committee,Post Office Box 941058,,Maitland,FL,32794,Orange,3212145252,Richey,Dan,,Chaires,J.,Peter
74322,Florida Coalition for Private Property Rights,PAC,Political Committee,527 East Park Avenue,,Tallahassee,FL,32301,Leon,8504041000,Wheeler,Tom,,Fenner,Noreen,A.
73680,Florida Coalition for Safe Communities,PAC,Political Committee,2055 NW Diamond Creek Way,,Jensen Beach,FL,34957,Martin,7722618100,Foster,Shawn,,Millner,Michael,
89538,Florida Collective,PAC,Political Committee,1427 Piedmont Drive East,,Tallahassee,FL,32308,Leon,8502161002,Pittman,Sean,,Gay,Andrew,
84237,Florida Committee for Accountability,PAC,Political Committee,Post Office Box 284,,Tallahassee,FL,32301,Leon,2026413258,DePriest,Jennings,,Power,Melissa,
88681,Florida Communities Alliance,PAC,Political Committee,Post Office Box 71,,Marco Island,FL,34146,Collier,8504041000,Wilson,Sean,,Fenner,Noreen,
60971,Florida Concrete & Products Association's Political Committee,PAC,Political Committee,120 South Monroe Street,,Tallahassee,FL,32301,Orange,8507277087,Maschmeyer,Troy,,Ramba,David,E.
69309,Florida Conservative Action Fund,PAC,Political Committee,1400 Village Square Blvd,#3-136,Tallahassee,FL,32312,Leon,3523390445,Biddle,David,,Elliott,Sam,
74310,Florida Conservative Committee,PAC,Political Committee,527 East Park Avenue,,Tallahassee,FL,32301,Leon,8504041000,Rommel,Bob,,Fenner,Noreen,A.
79023,Florida Conservative Federation,PAC,Political Committee,527 East Park Avenue,,Tallahassee,FL,32301,Leon,8504041000,Cortese,Tony,,Fenner,Noreen,A.
68041,Florida Conservatives United,PAC,Political Committee,"115 East Park Avenue, Suite 1",,Tallahassee,FL,32301,Leon,3522755004,Jones,William,S.,Jones,William,S.
88997,Florida Constitutional Amendment Network,PAC,Political Committee,PO BOX 830431,,Miami,FL,33283,Miami-Dade,3056076905,Wills,Christopher,,Wills,Christopher,
27357,Florida Construction Issues Political Action Committee,PAC,Political Committee,708 South Andrews Avenue,,Ft. Lauderdale,FL,333160000,Broward,9547641322,DeAngelis,Ken,,DeAngelis,Ken,
75001,Florida Country,PAC,Political Committee,527 East Park Avenue,,Tallahassee,FL,32301,Sarasota,8504041000,Leach,Wendi,,Fenner,Noreen,A.
83856,Florida Courage,PAC,Political Committee,1722 Northwest 80th Boulevard,Suite 90,Gainesville,FL,32606,Alachua,3522755004,Jones,William,S.,Jones,William,S.
79270,Florida Court Reporters Association PAC,PAC,Political Committee,222 South Westmonte Drive,Suite 111,Altamonte Springs,FL,32714,Seminole,4077747880,Wenhold,Dave,,Finan,Tracy,
61022,Florida Cow PAC,PAC,Political Committee,Post Office Box 421929,,Kissimmee,FL,34742,Osceola,4078466221,Moyer,Rick,,Holley,Donald,L.
60726,"Florida CPA Political Action Committee, Inc.",PAC,Political Committee,250 South Orange Avenue,Suite 300P,Orlando,FL,32801,Leon,8502242727,Epstein,Joey,,Weir,Shelly,
60724,"Florida CPA Political Action Committee-Central, Inc.",PAC,Political Committee,250 South Orange Avenue,Suite 300P,Orlando,FL,32801,Leon,8502242727,Price Jr,Phillip,W.,Weir,Shelly,
60725,"Florida CPA Political Action Committee-North, Inc.",PAC,Political Committee,250 South Orange Avenue,Suite 300P,Orlando,FL,32801,Leon,8502242727,Hurst Jr,William,H.,Weir,Shelly,
60728,"Florida CPA Political Action Committee-South, Inc.",PAC,Political Committee,250 South Orange Avenue,Suite 300P,Orlando,FL,32801,Leon,8502242727,Argiz,Tony,,Weir,Shelly,
60440,Florida Credit Union Political Action Committee (Florida CUPAC),PAC,Political Committee,"1709 Hermitage Blvd, Suite 200",,Tallahassee,FL,32308,Leon,8505768171,Hodge,Christopher,,Riner,Natalie,
93221,Florida Data Center Alliance,PAC,Political Committee,"1334 Timberlane Road, Suite 15",,Tallahassee,FL,32312,Leon,8134177025,Brothers,Riley,,Brothers,Riley,
84098,Florida Data Director Council Inc,PAC,Political Committee,629 Lake Murex Circle,,Sanibel,FL,33957,Collier,9734203232,Waks,David,,Molny,Adam,
73891,"Florida Decides Healthcare, Inc.",PAC,Political Committee,3948 3rd Street South,#26,Jacksonville Beach,FL,32250,Duval,3522344697,Bullard,Holly,Cato,Maggiolo,Gloria,
60701,Florida Dental Association Political Action Committee (FDAPAC),PAC,Political Committee,"545 John Knox Road, Suite #200",,Tallahassee,FL,32303,Brevard,8506813629,Harrison,Reese,,Hess,Tricia,
60980,Florida Dental Hygienists' Political Action Committee,PAC,Political Committee,1598 Cass Avenue Northwest,,Palm Bay,FL,32907,Orange,3525045025,Kassoff-Correia,Beryl,Sue,Hunt,Amanda,L.
60658,Florida Doctors for Private Practice,PAC,Political Committee,527 East Park Avenue,,Tallahassee,FL,32301,Miami-Dade,8504041000,Fidalgo,Edward,,Fenner,Noreen,A.
89083,Florida Economic Freedom,PAC,Political Committee,4914 SW 72 Avenue,,Miami,FL,33155,Miami-Dade,3054450777,Verdugo,Antonio,,Riesco,Jose,A.
60703,Florida Education Association Advocacy Fund,PAC,Political Committee,213 South Adams Street,,Tallahassee,FL,32301,Leon,8502012800,Spar,Andrew,,Swords,Amber,C.
60582,Florida Engineers Political Action Committee,PAC,Political Committee,527 East Park Avenue,,Tallahassee,FL,32301,Palm Beach,8502120226,Moore,Peter,,Fenner,Noreen,A.
74393,Florida Family Fairness Political Committee,PAC,Political Committee,527 East Park Avenue,,Tallahassee,FL,32301,Leon,8504041000,Buhler,Michel,,Fenner,Noreen,A.
62075,Florida Family Medicine Political Action Committee,PAC,Political Committee,13241 Bartram Park Blvd,Unit 1321,Jacksonville,FL,32258,Duval,9044006189,Swartzon,Michael,,Millson,Jay,
60479,Florida Farm PAC,PAC,Political Committee,Post Office Box 147030,,Gainesville,FL,326147030,Alachua,3523788100,Smith,Jeb,S.,Bradford,Liza,L.
89567,Florida Farmers,PAC,Political Committee,113 South Monroe Street,,Tallahassee,FL,32301,Leon,7864360973,Alvarado,Alex,,Alvarado,Alex,
73841,Florida Farmers and Ranchers United,PAC,Political Committee,527 East Park Avenue,,Tallahassee,FL,32301,Leon,8504041000,Tomkow,Josie,,Fenner,Noreen,A.
75974,Florida Federation for Children PAC,PAC,Political Committee,10440 Little Patuxent Pkwy,Ste. 300-343,Columbia,MD,21044,Hillsborough,7032817540,Kirtley,John,,Burford,Frank,
73994,Florida Financial Services PC,PAC,Political Committee,120 South Monroe Street,,Tallahassee,FL,32301,Leon,8507277087,Scaffidi,Sal,,Ramba,David,E.
89176,Florida First,PAC,Political Committee,133 Habor Drive South,,Venice,FL,34285,Sarasota,9414887794,Llanes,Gabriel,,Robinson,Eric,
69288,"Florida First Forever, Inc.",PAC,Political Committee,"1700 North Monroe Street,",Suite 11-253,Tallahassee,FL,32303,Leon,8505666203,Andrews,Jonathan,,Elliot,Samuel,
74668,Florida First Initiative,PAC,Political Committee,115 East Park Avenue,Suite 1,Tallahassee,FL,32301,Leon,3522755004,Jones,William,S.,Jones,William,S.
84337,Florida First Leadership,PAC,Political Committee,"2100 Salzedo Street, Suite 200",,Coral Gables,FL,33134,Miami-Dade,3054386528,Jones,Bret,,Fiore,Anthony,
89604,Florida First PAC,PAC,Political Committee,115 SW Pinckney Street,,Madison,FL,32340,Madison,3055150800,Wright,Emma,,Munguia,Alexander,
80034,Florida First Patriots,PAC,Political Committee,527 East Park Avenue,,Tallahassee,FL,32301,Leon,8504041000,Cortese,Tony,,Fenner,Noreen,A.
75116,Florida Fish & Wildlife Conservation PC,PAC,Political Committee,Post Office Box 1701,,Tallahassee,FL,32302,Monroe,8505674878,Herron,Mark,,Herron,Mark,
60452,"Florida for All, Inc.",PAC,Political Committee,10500 Biscayne Boulevard,Suite 1050,Miami,FL,33161,Miami-Dade,3057540118,Summers-Polite,Nailah,,Simmons,Victricia,
69728,Florida For Floridians,PAC,Political Committee,P.O. Box 1655,,Tallahassee,FL,32302,Leon,8503208515,Hollimon,Bill,,Hollimon,Bill,
90853,Florida for JMR,PAC,Political Committee,3163 SW 17th Street,,Miami,FL,33415,Miami-Dade,,Mendoza,Wendy,,Suarez,Jonathan,
89671,Florida For Life PC,PAC,Political Committee,13900 County Road 455,Unit 107-334,Clermont,FL,34711,Lake,3529998877,Vail,Tom,,Vail,Vara,
79758,Florida for Truth,PAC,Political Committee,Post Office Box 30265,,Fort Lauderdale,FL,33303,Broward,9547670300,Cardozo Jr,Reginald,,Blank,Jason,B.
83794,Florida Forward,PAC,Political Committee,1722 Northwest 80th Boulevard,Suite 90,Gainesville,FL,32606,Alachua,3522755004,Jones,William,S.,Jones,William,S.
79207,Florida Free Enterprise Fund,PAC,Political Committee,Post Office Box 11309,,Tallahassee,FL,32302,Leon,8502511243,Walker,Frank,,DeWitt,Parker,
85993,Florida Freedom Fund,PAC,Political Committee,301 South Bronough Street,,Tallahassee,FL,32301,Leon,8506162479,Kempton,Sean,,Dupree,Abby,
79708,Florida Freedom PAC,PAC,Political Committee,7749 Normandy Boulevard,NUM 121-805,Jacksonville,FL,32221,Duval,3522755004,Jones,William,S.,Jones,William,S.
78866,Florida Friends PAC,PAC,Political Committee,9200 Belvedere Road,Suite 202,West Palm Beach,FL,33411,Leon,5616899787,Asnani,Rick,,LeeBove,Kim,
60798,Florida Fruit & Vegetable Association - PAC,PAC,Political Committee,Post Office Box 948153,,Maitland,FL,327948153,Orange,3212145200,Joyner,Michael,A.,Hair,Alan,E.
79532,Florida Future Fund,PAC,Political Committee,c/o Shelby Green,Post Office Box 5651,Tallahassee,FL,32314,Leon,8506613941,Planas,Juan-Carlos,,Green,Shelby,
84472,Florida Future Leaders,PAC,Political Committee,1870 N Corporate Lakes Blvd,P.O. Box #266203,Weston,FL,33326,Pinellas,7729991912,D'Onofrio,Jayden,,Hoffman,Tyler,
79599,Florida Geologists Political Committee,PAC,Political Committee,1563 Capital Circle Southeast,#142,Tallahassee,FL,32301,Leon,8507270605,McKinnon,Joey,,Kato,Natalie,
74435,Florida Green PAC,PAC,Political Committee,527 East Park Avenue,,Tallahassee,FL,32301,Leon,8504041000,Simpson,Wilton,,Fenner,Noreen,A.
79461,Florida Ground Game,PAC,Political Committee,Post Office Box 30265,,Fort Lauderdale,FL,33303,Broward,9547670300,Blank,Jason,B.,Blank,Jason,B.
61438,Florida Ground Water Association PAC,PAC,Political Committee,"325 John Knox Road, L-103",,Tallahassee,FL,32303,Leon,8502055641,McConnell,Matt,,Smith,Wayne,
1989,"Florida Gulf Coast Chapter, Associated Builders & Contractors",PAC,Political Committee,2008 North Himes Avenue,,Tampa,FL,336070000,Hillsborough,8138798064,Cona III,Steve,,Cona Jr.,Steve,P.
79310,Florida Health Alliance PC,PAC,Political Committee,119 South Monroe Street,Suite 202,Tallahassee,FL,32301,Leon,8507240605,Bibbey,David,,Teeter,Ellen,
83669,Florida Health Care Executive PAC,PAC,Political Committee,PO Box 1459,,Tallahassee,FL,32302,Leon,8502243907,Weisman,Andrew,,Beal,Mel,
60972,Florida Health Care PAC,PAC,Political Committee,307 West Park Avenue,,Tallahassee,FL,32301,Leon,8502243907,Neumann,Luke,,Kemman,Julie,Ann
64858,Florida HIV AIDS PAC,PAC,Political Committee,1825 Country Club Drive,,Tallahassee,FL,32301,Leon,8507663323,Poole,David,W.,Fenner,Noreen,A.
60813,Florida Home Builders PAC,PAC,Political Committee,1319 Thomaswood Drive,,Tallahassee,FL,32308,Leon,8504021869,Payton,Russell,,Scott,Kimberly,
70285,Florida Home Building Industry PAC,PAC,Political Committee,1319 Thomaswood Drive,,Tallahassee,FL,32308,Leon,8504021869,Payton,Russell,,Scott,Kimberly,
84119,Florida Hometown Alliance,PAC,Political Committee,1400 Village Square Boulevard,#3-80429,Tallahassee,FL,32312,Leon,,Donner,Keith,,Donner,Keith,
60817,Florida Hospital Association PC,PAC,Political Committee,306 East College Avenue,,Tallahassee,FL,32301,Leon,8502229800,Mayhew,Mary,,Fenner,Noreen,A
79435,"Florida Immigrant PAC, Inc.",PAC,Political Committee,561 Northeast 79th Street,Suite 400,Miami,FL,33138,Miami-Dade,7862820061,Petit,Tessa,,Wall,Stephanie,
60858,"Florida Independent Concrete & Associated Products, Inc. PC",PAC,Political Committee,Post Office Box 953905,,Lake Mary,FL,32795,Seminole,4073023316,Jahna,Adell,,Ramba,David,E.
66828,Florida Influence,PAC,Political Committee,527 East Park Avenue,,Tallahassee,FL,32302,Leon,8504041000,Johnson,David,,Fenner,Noreen,A.
78963,Florida Institute for Political Leadership PC,PAC,Political Committee,9200 Belvedere Road,Suite 202,West Palm Beach,FL,33411,Palm Beach,8506888940,Asnani,Rick,,LeeBove,Kim,
60984,Florida Insurance Council (FIC) Political Committee,PAC,Political Committee,"150 S. Monroe St., Suite 206",,Tallahassee,FL,32301,Leon,8503866668,Conley,Lisa,,Pizzi,David,
80339,Florida Internet and Television PAC,PAC,Political Committee,108 South Monroe Street,,Tallahassee,FL,32301,Leon,8506810024,Dudley,Charles,F.,Fenner,Noreen,
70035,Florida Jobs Alliance,PAC,Political Committee,"115 East Park Avenue, Suite 1",,Tallahassee,FL,32301,Leon,3522755004,Jones,William,S.,Jones,William,S.
60760,Florida Jobs PAC,PAC,Political Committee,Post Office Box 11309,,Tallahassee,FL,32302,Leon,8505211200,Walker,Frank,,DeWitt,Parker,
88513,Florida Justice & Accountability,PAC,Political Committee,3807 Long Grove Ln,,Port Orange,FL,32129,Volusia,3862783300,White,James,,Nichols,Philip,
60702,Florida Justice PAC,PAC,Political Committee,218 South Monroe Street,,Tallahassee,FL,32301,Leon,8505211031,Ligori,Christopher,N.,Hunt,Peter,R.
62612,Florida Laborers Political Committee,PAC,Political Committee,2020 NW 32 Street,,Pompano Beach,FL,33064,Miami-Dade,9549757600,Rutledge,David,,Aragon,Miguel,
84072,Florida Leaders Council,PAC,Political Committee,Post Office Box 30265,,Fort Lauderdale,FL,33303,Broward,9547670300,Haber,Jason,H,Blank,Jason,B
60982,Florida Leadership Committee,PAC,Political Committee,610 South Boulevard,,Tampa,FL,33606,Pasco,8132543369,Latvala,Jack,,Watkins,Nancy,H.
83440,Florida Leadership Council PC,PAC,Political Committee,1742 West Flagler Street,,Miami,FL,33135,Miami-Dade,8509806542,Mills,Jon,,Kuhn,Maria,
89156,Florida Leadership Project,PAC,Political Committee,1722 Northwest 80th Boulevard,Suite 90,Gainesville,FL,,,3522755004,Jones,Wiliam,S,Jones,William,S
89580,Florida Legacy Fund,PAC,Political Committee,527 East Park Avenue,,Tallahassee,FL,32301,Leon,8504041000,Pistone,Giuseppe,Anthony,Fenner,Noreen,
60602,Florida Manufactured Housing Association PAC Inc.,PAC,Political Committee,1284 Timberlane Road,,Tallahassee,FL,32312,,8509079111,Cashin,Ken,,Ricco ll,John,R.
60755,Florida Medical Association Political Action Committee,PAC,Political Committee,1430 Piedmont Drive East,,Tallahassee,FL,32308,Leon,8502246496,Borom,Andrew,,King,Edward,
60644,Florida Medical Practitioners for Private Practice,PAC,Political Committee,527 East Park Avenue,,Tallahassee,FL,32301,Leon,8504041000,Fidalgo,Edward,,Fenner,Noreen,A.
69240,Florida Mental Health Counselors Association PAC,PAC,Political Committee,119 South Monroe Street,Suite 202,Tallahassee,FL,32301,Leon,8507014797,Silvernail,Darlene,,Mixon,Anna,Corinne
79221,Florida Milk PAC,PAC,Political Committee,527 East Park Avenue,,Tallahassee,FL,32301,Leon,8504041000,Larson,Jacob,,Fenner,Noreen,A.
60571,Florida Natural Gas Political Action Committee,PAC,Political Committee,Post Office Box 11026,,Tallahassee,FL,32302,Leon,8506810496,Price,Victoria,,Calhoun,Barry,Dale
79815,Florida Nurse Practitioner Network PC,PAC,Political Committee,120 South Monroe Street,,Tallahassee,FL,32301,Leon,8507277087,Ramba,David,E.,Ramba,David,E.
60888,"Florida Nursery, Growers & Landscape Association-PAC, Inc.",PAC,Political Committee,1533 Park Center Drive,,Orlando,FL,32835,Orange,4072957994,Garrison,Ralph,,Butterfield,Billy,
2029,Florida Nurses PAC,PAC,Political Committee,1235 East Concord Street,,Orlando,FL,328030000,Orange,4074822230,Sklaren,Bonnie,,Fuller,Willa,
60654,Florida OBGYN PAC,PAC,Political Committee,527 East Park Avenue,,Tallahassee,FL,32301,Duval,8504041000,Friall,Andrea,,Friall,Andrea,
60655,Florida Onsite Wastewater-PAC,PAC,Political Committee,527 East Park Avenue,,Tallahassee,FL,32301,Leon,8504041000,Clay,Darrell,,Clay,Darrell,
60810,Florida Operators Association,PAC,Political Committee,119 South Monroe Street,Suite 200,Tallahassee,FL,32301,Hendry,8502059000,Vazquez,Raphael,,Menendez,Peter,
66911,Florida Opinion Leaders,PAC,Political Committee,527 East Park Avenue,,Tallahassee,FL,32302,Leon,8504041000,Johnson,David,,Fenner,Noreen,A.
2039,Florida Optometric PAC,PAC,Political Committee,120 S Monroe St,,Tallahassee,FL,32301,Orange,8508774697,Levin,Michelle,,Langley,Sarah,
61029,Florida Oral and Maxillofacial Surgeons Political Action Committee,PAC,Political Committee,"4850 Golden Parkway, Suite",B417,Buford,GA,30518,,8778312500,Storoe IV,William,C.,Marshall,Chad,
60713,Florida Organization of Agents,PAC,Political Committee,527 East Park Avenue,,Tallahassee,FL,32301,Leon,8504041000,Ritchie,Glenn,,Dewhurst,Craig,
61031,Florida Orthopaedic Political Action Committee,PAC,Political Committee,4150 Belfort Road #551538,,Jacksonville,FL,32255,Pasco,8132157140,Borom,Andrew,,Cobbe,Fraser,
60588,Florida Osteopathic Medical Association - PAC,PAC,Political Committee,2544 Blairstone Pines Drive,,Tallahssee,FL,32301,Palm Beach,8508787364,Seltzer,Paul,D.,Winn,Stephen,R.
60718,Florida Outdoor Advertising Political Action Committee,PAC,Political Committee,314 North Gadsden Street,Suite 1,Tallahassee,FL,32301,Leon,8502245838,Swygert,Craig,,Audie,Charlotte,Brand
88667,Florida Parks Protection Alliance,PAC,Political Committee,2007 Sunrise Drive,,Fernandina Beach,FL,32034,Nassau,9044912575,Schriver,Jennifer,,Schriver,Jennifer,
88720,Florida PC,PAC,Political Committee,1400 Village Square Boulevard,#3-264,Tallahassee,FL,32312,Leon,7864360973,Alvarado,Alex,,Alvarado,Alex,
60881,Florida Pharmacist Political Committee,PAC,Political Committee,610 North Adams Street,,Tallahassee,FL,32301,Seminole,8502222400,Lakhani,Aneesh,,Jackson,Michael,
61002,"Florida Phosphate Political Committee, Inc.",PAC,Political Committee,"101 E Kennedy Blvd, Suite 2500",,Tampa,FL,33602,Polk,8502247000,Swager,Karen,,Donohue,Aaron,
60623,Florida Physical Therapy Asso. PAC,PAC,Political Committee,800 North Calhoun Street,Suite 1-A,Tallahassee,FL,32303,Leon,8502221243,Higdon,Michelle,,Higdon,Michelle,
60645,Florida Physicians for Private Practice,PAC,Political Committee,527 East Park Avenue,,Tallahassee,FL,32301,Leon,8504041000,Fidalgo,Edward,,Fenner,Noreen,A.
61513,Florida Planned Parenthood PAC,PAC,Political Committee,736 Central Avenue,,Sarasota,FL,34236,Sarasota,9413653913,Latshaw,Sara,,Zdravecky,Barbara,
83846,Florida PlastiPac Inc,PAC,Political Committee,4427 Herschel Street,,Jacksonville,FL,32210,Duval,4356021326,Obrien,John,,Nuland,Christopher,
60958,Florida Podiatry Political Committee (Florida Podiatry PC),PAC,Political Committee,6707 38th Avenue North,,St. Petersburg,FL,33710,Pinellas,7278964615,Beaton,William,J.,Beaton,William,J.
61243,Florida Police Benevolent Association Fla PBA Local PAC,PAC,Political Committee,300 East Brevard Street,,Tallahassee,FL,32301,Leon,8502223329,Kazanjian,John,,Mchale,Michael,
21379,Florida Police Benevolent Association Inc FPBA Law and Order PAC,PAC,Political Committee,300 East Brevard Street,,Tallahassee,FL,323010000,Leon,8502223329,Kazanjian,John,,Mchale,Michael,
27033,Florida Police Benevolent Association Inc Justice PAC,PAC,Political Committee,300 East Brevard Street,,Tallahassee,FL,323010000,Leon,8502223329,Kazanjian,John,,Mchale,Michael,
74503,Florida Policyholders Cooperative,PAC,Political Committee,Post Office Box 30295,,Fort Lauderdale,FL,33303,Broward,9547670300,Daniels,Monica,,Blank,Jason,B.
2062,Florida Political Action for Candidate Election,PAC,Political Committee,527 East Park Avenue,,Tallahassee,FL,32301,Leon,8504041000,Brandwein,Ruth,A.,Shubert,Beth,
60754,Florida Professional Employer Organization PAC,PAC,Political Committee,100 South Missouri Avenue,,Clearwater,FL,33756,Pinellas,7277262786,Crum,Haley,D.,Daniel,David,T.
79019,Florida Professional Vacation Rental Coalition,PAC,Political Committee,120 South Monroe Street,,Tallahassee,FL,32301,Leon,8507277087,Milo,Steve,,Ramba,David,E.
60569,Florida Propane Gas Political Action Committee,PAC,Political Committee,Post Office Box 11026,,Tallahassee,FL,32302,Polk,8506810496,Price,Victoria,,Calhoun,Barry,Dale
78846,Florida Prosper,PAC,Political Committee,"115 East Park Avenue, Suite 1",,Tallahassee,FL,32301,Leon,3522755004,Jones,William,S.,Jones,William,S.
61159,Florida Psychiatry PAC,PAC,Political Committee,521 East Park Avenue,,Tallahassee,FL,32301,Leon,8502228404,Bailey,John,T.,Adams,Kendra,
61251,Florida Public Health Fund,PAC,Political Committee,C/O Carlos De La Osa,"267 Minorca Avenue, Suite 200",Coral Gables,FL,33146,Miami-Dade,3054394153,Gorson,Mathew,B,De La Osa,Carlos,M.
60456,Florida Public Services Union Political Committee,PAC,Political Committee,560 Village Boulevard,Suite 120 #39,West Palm Beach,FL,33409,Palm Beach,5619650077,Khaliq,Afifa,,Whitbeck,Angelina,
60998,"Florida Recyclers Association, Inc. PC",PAC,Political Committee,Post Office Box 1585,,Lakeland,FL,33802,Polk,8636657157,Mock,Rose,,Nichols,Carson,
60632,"Florida Restaurant and Lodging Association PAC No. 2, Inc.",PAC,Political Committee,Post Office Box 1779,,Tallahassee,FL,32302,Leon,8502242250,Dover,Carol,B.,Dearden,Bob,
60633,"Florida Restaurant and Lodging Association PAC No. 3, Inc.",PAC,Political Committee,Post Office Box 1779,,Tallahassee,FL,32302,Leon,8502242250,Dover,Carol,B.,Dearden,Bob,
60630,"Florida Restaurant and Lodging Association PAC, Inc.",PAC,Political Committee,Post Office Box 1779,,Tallahassee,FL,32302,Leon,8502242250,Dover,Carol,B.,Dearden,Bob,
60956,Florida Rheumatology PAC,PAC,Political Committee,4150 Belfort Road,#551538,Jacksonville,FL,32216,Miami-Dade,9047657004,Relan,Manish,,Fenner,Noreen,A.
66909,Florida Right Direction,PAC,Political Committee,527 East Park Avenue,,Tallahassee,FL,32302,Leon,8504041000,Johnson,David,,Fenner,Noreen,A.
73801,Florida Right Solutions,PAC,Political Committee,527 East Park Avenue,,Tallahassee,FL,32301,Leon,8504041000,Reichelderfer,Marc,,Fenner,Noreen,A.
2069,Florida Right to Life PAC,PAC,Political Committee,2020 W Pensacola St. 210-129,,Tallahassee,FL,32304,Seminole,4074311831,Halisky,Jan,,Talsness,Steven,L.
61128,Florida Roofing Sheet Metal & A/C Contractors - PAC,PAC,Political Committee,Post Office Box 4850,,Winter Park,FL,32793,Orange,4076713772,Pate,Lisa,,Feijo,Lisa,Marie
60841,Florida RV PAC,PAC,Political Committee,5407 Boran Place,,Tampa,FL,33610,Hillsborough,8137410488,Loyd,Kenneth,A.,Dunbar,Marc,
60665,Florida Senior Living PC,PAC,Political Committee,2292 Wednesday Street,Suite 1,Tallahassee,FL,32308,Leon,8504041000,Hand,Jason,,Fenner,Noreen,A.
60688,Florida SMART-Transportation Division PC,PAC,Political Committee,11774 Southwest 137th Path,,Miami,FL,33186,Miami-Dade,7863485771,Trujillo,Andres,,Ferguson,Jeremy,
74585,Florida Smoke Free Defense,PAC,Political Committee,527 East Park Avenue,,Tallahassee,FL,32301,Leon,8504041000,Orlando,Delorse,,Fenner,Noreen,A.
60664,Florida Society of Anesthesiologists PAC,PAC,Political Committee,527 East Park Avenue,,Tallahassee,FL,32301,Leon,8504041000,Rosemeier,Frank,,Doyle,John,Joseph
84031,Florida Society of Cosmetic Surgeons,PAC,Political Committee,Post Office Box 122,,Tallahassee,FL,32302,Leon,3056084300,Moradian,Scott,,Camara,Christian,R
60587,Florida Society of Hearing Healthcare Professionals - PAC,PAC,Political Committee,"106 E College Ave, Ste. 1500",,Tallahassee,FL,32301,Leon,8503206129,Yordon,Greg,,Winn,Jason,D.
60808,Florida Society of Interventional Pain Physicians Political Action Committee,PAC,Political Committee,527 East Park Avenue,,Tallahassee,FL,32301,Leon,8502120226,Silverman,Sanford,,Daitch,Jonathan,
75091,Florida Society of Nephrology Political Action Committee,PAC,Political Committee,522 S Hunt Club Blvd #412,,Apopka,FL,32703,Orange,8442347800,Doll,Avon,,Cobbe,Fraser,
64751,Florida Speaks,PAC,Political Committee,Post Office Box 20252,,Saint Petersburg,FL,33742,Pinellas,8133357472,Bello,Jose,,Jodoin,Jamie,C.
61053,Florida State Council of Machinist,PAC,Political Committee,P.O. Box 1104,,Sharpes,FL,32959,Pasco,7279928119,Phillips,Mike,,Bailey,Sharon,
60786,"Florida State Lodge, Fraternal Order of Police Governmental Awareness Project",PAC,Political Committee,Post Office Box 1349,,Tallahassee,FL,323021349,Leon,8506569881,Erwin,William,,Erwin,William,
60822,Florida State UAW Political Action Committee (PAC),PAC,Political Committee,3008 Santa Maria Avenue,,Clermont,FL,34715,Marion,3522162956,Franco,Art,,Flanagan,Austin,
65615,Florida Strong,PAC,Political Committee,115 East Park Avenue,Suite 1,Tallahassee,FL,32301,Leon,3522755004,Jones,William,S.,Jones,William,S.
64587,Florida Sunshine Alliance,PAC,Political Committee,P. O. Box 11192,,Tallahassee,FL,32302,Leon,8505666203,Doster,Russell,,Elliott,Sam,
84705,Florida Sunshine PC,PAC,Political Committee,2910 Kerry Forest Parkway,D4-324,Tallahassee,FL,32309,Leon,8505663905,Watson,Screven,,Watson,Sabrena,
84086,Florida Surgical Alliance,PAC,Political Committee,1722 Northwest 80th Blvd,Suite 90,Gainesville,FL,32606,Alachua,3522755004,Jones,William,S,Jones,William,S
60429,"Florida Surveying & Mapping Political Action Committee, Inc.",PAC,Political Committee,311 East Park Avenue,,Tallahassee,FL,32301,Leon,8502245081,Breed,John,N.,Daniel,David,
64313,Florida Taxpayers Defense,PAC,Political Committee,"115 East Park Avenue, Suite 1",,Tallahassee,FL,32301,Leon,3522755004,Jones,William,S.,Jones,William,S.
60805,Florida Thoroughbred Political Action Committee,PAC,Political Committee,311 East Park Avenue,,Tallahassee,FL,32301,Leon,8502245081,Rees,Jonathan,,Hurley,Lisa,
90096,Florida Together PC,PAC,Political Committee,"2103 Coral Way, Suite 401",,Miami,FL,33020,Orange,,Cediel,Antonio,,Scheller,Fritz,
90322,Florida Transparent Election Initiative Committee,PAC,Political Committee,5200 NW 43rd St Ste 102,#163,Gainesville,FL,32606,Alachua,3526425250,Paleologu,Thalya,,Paleologu,Thalya,
83455,Florida Trust,PAC,Political Committee,1722 Northwest 80th Boulevard,Suite 90,Gainesville,FL,32606,Alachua,3522755004,Jones,William,S.,Jones,William,S.
74484,Florida Values Coalition,PAC,Political Committee,"115 East Park Avenue, Suite 1",,Tallahassee,FL,32301,Leon,3522755004,Jones,William,S.,Jones,William,S.
88628,Florida Veterans America First,PAC,Political Committee,4612 West Price Avenue,,Tampa,FL,33611,Hillsborough,8133930066,Totten,John,,Cusumano,Frank,
60617,Florida Veterinary Medical Association PAC,PAC,Political Committee,527 East Park Avenue,,Tallahassee,FL,32301,Leon,8504041000,Williams,Richard,B.,Williams,Richard,B.
78855,Florida Watch PC,PAC,Political Committee,1700 N. Monroe Street,Suite 11-121,Tallahassee,FL,32303,Miami-Dade,9042904115,Sutherland,Natasha,,Sutherland,Natasha,
70050,Florida Women In Action,PAC,Political Committee,Post Office Box 11012,,Tallahassee,FL,32302,Leon,8502161002,Williams,Patricia,,Dudley,Dana,
84384,Florida Women's Alliance,PAC,Political Committee,Post Office Box 20252,,St. Petersburg,FL,33742,Pinellas,8133357472,Schaefer,Robert,,Jodoin,Jamie,C
60647,Florida Workers' Advocates PAC,PAC,Political Committee,527 East Park Avenue,,Tallahassee,FL,32301,Leon,8504041000,Carillo,Matthew,,Smith,Christopher,J
69561,Florida Young Democrats,PAC,Political Committee,"15210 Amberly Dr., Apt. 1523",,Tampa,FL,33647,Broward,9317437632,Margaux,Cat,,Minnerly,Allison,
89583,Florida Young Republicans Action,PAC,Political Committee,527 East Park Avenue,,Tallahassee,FL,32301,Leon,8504041000,Ludwig,Brandon,,Fenner,Noreen,A.
60685,Florida's Cardiology PAC,PAC,Political Committee,527 East Park Avenue,,Tallahassee,FL,32301,Orange,8504041000,Ackermann,Alan,,Rama,Pamela,
90142,Florida's Electric Cooperatives PAC,PAC,Political Committee,2640A Mitcham Drive,,Tallahassee,FL,32308,Leon,3525675133,Steele,Gary,,Heitmeyer,Rich,
90141,Florida's Friend,PAC,Political Committee,"4474 Weston Road, Suite 183",,Davie,FL,33331,Broward,9542885995,Friend,Michael,Jay,Friend,Joel,
75636,Florida's Values,PAC,Political Committee,"115 East Park Avenue, Suite 1",,Tallahassee,FL,32301,Leon,3522755004,Jones,William,S.,Jones,William,S.
61422,Florida's Voice for Early Learning,PAC,Political Committee,311 East Park Avenue,,Tallahassee,FL,32301,Broward,8502245081,Crouch,Lee,,Keister,Roy,
80360,FloridaRighttoCleanWater.org,PAC,Political Committee,13300 South Cleveland Avenue,Suite 56,Fort Myers,FL,33907,Marion,3525756297,Moritz,David,,Durocher,James,M
89249,Floridian Partners Political Committee,PAC,Political Committee,Post Office Box 1698,,Tallahassee,FL,32302,Leon,8504041000,Dudley,Charles,,Fenner,Noreen,A
64537,Floridians  for Fair Insurance Regulation,PAC,Political Committee,120 South Monroe Street,,Tallahassee,FL,32301,Leon,8507277087,Neal,Jay,,Ramba,David,E.
89077,"Floridians Act First Organization P.C., Inc.",PAC,Political Committee,Post Office Box 323,,Tallahassee,FL,32302,Leon,8504254000,Brooks,Matthew,,Brooks,Matthew,
89576,Floridians Against Political Grifters,PAC,Political Committee,"1722 NW 80th Blvd, Suite 90",,Gainesville,FL,32606,Alachua,3522755004,Jones,William,S.,Jones,William,S.
60937,Floridians Associated To Insure Responsible Laws (FAIRLAWS),PAC,Political Committee,119 South Monroe Street,Suite 202,Tallahassee,FL,32301,Leon,8506816788,Wayt,Aaron,,Mixon,Corinne,
61044,Floridians First,PAC,Political Committee,4914 SW 72 Avenue,,Miami,FL,33155,Miami-Dade,3054450777,Planas,Juan-Carlos,,Riesco,Jose,"A,"
64320,"Floridians for a Better Florida, PAC",PAC,Political Committee,9212 Cove Point Circle,,Boynton Beach,FL,33472,Palm Beach,8134687035,Fitzpatrick,Kyle,,Fitzpatrick,Kyle,
83438,Floridians for a Better Tomorrow,PAC,Political Committee,Post Office Box 694011,,Miami Gardens,FL,33269,Miami-Dade,3056887500,Brown,Vincent,,Harvey,Roderick,
61028,Floridians for a Stronger Tomorrow,PAC,Political Committee,110 E Broward Blvd,Suite 1700,Ft. Lauderdale,FL,33301,Broward,9546297782,Geller,Steven,,Highsmith,Renee,N.
90490,Floridians for a Thriving Aviation Economy,PAC,Political Committee,113 East College Avenue,Suite 208,Tallahassee,FL,32301,Leon,8505187788,King,Tiffany,Wilson,Thompson,Jack,
84423,"Floridians for Accountability, Freedom and Opportunity",PAC,Political Committee,133 Harbor Drive South,,Venice,FL,34285,Sarasota,9414887794,Robinson,Eric,,Robinson,Eric,
79613,Floridians for Affordability In Real Estate and Sales Taxes,PAC,Political Committee,186 Coquina Key Drive,,Ormond Beach,FL,32176,Volusia,5408424585,Moulton,Russ,,Schaefer,Mark,
60446,Floridians for Better Government PC,PAC,Political Committee,Post Office Box 1701,,Tallahassee,FL,323021701,Leon,8505674878,Herron,Mark,,Herron,Mark,
60928,Floridians for Common Sense,PAC,Political Committee,"535 Central Avenue, Suite 406",,Saint Petersburg,FL,33701,Pinellas,7274594562,Bruno,Daniel,,Edwards,Barry,
69993,Floridians for Conservative Values,PAC,Political Committee,527 East Park Avenue,,Tallahassee,FL,32301,Leon,8504041000,Yarborough,Clay,,Fenner,Noreen,A.
64573,Floridians for Economic Freedom,PAC,Political Committee,2055 NW Diamond Creek Way,,Jensen Beach,FL,34957,Leon,7722618100,Sprowls,Chris,,Millner,Michael,
61047,Floridians for Economic Leadership,PAC,Political Committee,"9200 Belvedere Road, Suite 202",,West Palm Beach,FL,33411,Leon,5616899787,Asnani,Rick,,Asnani,Rick,
79759,Floridians for Economic Prosperity,PAC,Political Committee,2055 NW Diamond Creek Way,,Jensen Beach,FL,34957,Martin,7722618100,Anderson,Adam,,Millner,Michael,
80399,Floridians for Educational Innovation,PAC,Political Committee,527 East Park Avenue,,Tallahassee,FL,32301,Leon,8504041000,Legg,John,,Fenner,Noreen,A.
89964,Floridians for Ethical Leadership,PAC,Political Committee,2115 Northeast Arch Street,,Jensen Beach,FL,34957,Martin,3865647141,Vazquez,Adam,Khalid,Vazquez,Adam,Khalid
69287,Floridians for Ethics and Truth in Politics,PAC,Political Committee,1700 North Monroe Street,Suite 11-297,Tallahassee,FL,32303,Leon,4484887591,Hanna,Michael,,Elliott,Sam,
89579,Floridians for Fair Opportunities,PAC,Political Committee,311 East Park Avenue,,Tallahassee,FL,32301,Leon,8502245081,Hartley,Jeff,,Hurley,Lisa,
88704,Floridians For Fiscal Accountability,PAC,Political Committee,700 Almond Street,,Clermont,FL,34711,Orange,4078649345,Damon,Jackson,,Damon,Jackson,
89548,Floridians for Freedom,PAC,Political Committee,Post Office Box 740255,,Orange City,FL,32774,Volusia,3863785670,Barro,Nicholas,,Barro,Nicholas,
61403,Floridians for Home Rule PAC,PAC,Political Committee,Post Office Box 10930,,Tallahassee,FL,32302,Leon,8506817383,Matthews,Ryan,E,Matthews,Ryan,E
88682,Floridians For Homeowner Relief,PAC,Political Committee,Post Office Box 30295,,Fort Lauderdale,FL,33303,Broward,9547670300,Beck,Alan,,Blank,Jason,B
84249,Floridians for Housing Opportunity,PAC,Political Committee,610 South Boulevard,,Tampa,FL,33606,Hillsborough,8132543369,Smetzer,Bonnie,,Watkins,Nancy,H.
89246,Floridians for JJR,PAC,Political Committee,701 S Howard Avenue #106-813,,Tampa,FL,33606,Hillsborough,8137330070,Siddharthan,Trishul,,Brill,Jonathan,
85295,Floridians for Justice,PAC,Political Committee,701 South Howard Avenue,#106-813,Tampa,FL,33606,Hillsborough,8137330070,Mabry,Lizbeth,,Brill,Jonathan,
70793,Floridians for Law Enforcement,PAC,Political Committee,120 South Monroe Street,,Tallahassee,FL,32301,Leon,8507277087,Ramba,David,E.,Ramba,David,E.
64916,Floridians for Limited Government,PAC,Political Committee,Post Office Box 11192,,Tallahassee,FL,32302,Leon,5802228156,Giles,Julie,,Elliott,Samuel,
88646,"Floridians for Open Democracy, Inc.",PAC,Political Committee,Post Office Box 1701,,Tallahassee,FL,32302,Leon,8505674878,Herron,Mark,,Herron,Mark,
69545,Floridians for Positive Change,PAC,Political Committee,120 South Monroe Street,,Tallahassee,FL,323010000,Orange,8507277087,Ramba,David,E.,Ramba,David,E.
78928,Floridians For Prosperity,PAC,Political Committee,527 East Park Avenue,,Tallahassee,FL,32301,Miami-Dade,3054450777,Borrero,David,,Fenner,Noreen,A.
64763,Floridians for Public Safety PC,PAC,Political Committee,120 South Monroe Street,,Tallahassee,FL,32301,Leon,8507277087,Ramba,David,E.,Ramba,David,E.
61069,Floridians for Quality Health Care,PAC,Political Committee,307 West Park Avenue,,Tallahassee,FL,32301,Leon,8502243907,Schoenfeld,Robert,,Mitchell,Joe,
93210,Floridians for Real Leadership,PAC,Political Committee,133 Harbor Drive South,,Venice,FL,34285,Sarasota,9414887794,Parsley,Ellen,,Robinson,Eric,
73683,Floridians for Redeemable People,PAC,Political Committee,Post Office Box 520337,,Longwood,FL,32752,Seminole,4075762649,Cassidy,Pam,,Close,Michelle,A.
87294,Floridians for Responsible Cannabis,PAC,Political Committee,120 South Monroe Street,,Tallahassee,FL,32301,Leon,8507277087,Swanson,Brad,,Ramba,David,E.
79832,Floridians for Safe Medical Cannabis Care,PAC,Political Committee,101 East College Avenue,Suite 502,Tallahassee,FL,32301,Leon,8506819111,Bloom,Aaron,,Heitmeyer,Rich,
79878,Floridians For Senior Care,PAC,Political Committee,"4522 W Village Drive, 655",,Tampa,FL,33624,Hillsborough,8135230326,White,Wendy,,White,Wendy,
93209,"Floridians for Shared Prosperity, Inc.",PAC,Political Committee,6619 S Dixie Hwy No.148,,Miami,FL,33143,Miami-Dade,3056472666,Oscariz,Aidil,,Peters,Raven,K.
88596,Floridians for Social Justice,PAC,Political Committee,311 West Ashley Street,Unit 506,Jacksonville,FL,32202,Duval,8139473007,Nurse,Christopher,,Nurse,Christopher,
64491,"Floridians for Solar Choice, Inc.",PAC,Political Committee,120 E. Oakland Park,Suite 105,Fort Lauderdale,FL,33334,Broward,3867538901,Perfetti,Tory,,Larsen,Dory,
74279,Floridians for Strong Families,PAC,Political Committee,Post Office Box 1701,,Tallahassee,FL,32302,Leon,8505674878,Herron,Mark,,Herron,Mark,
60933,Floridians for Strong Leadership,PAC,Political Committee,610 South Boulevard,,Tampa,FL,33606,Hillsborough,8132543369,Camaraza,Veronica,,Watkins,Nancy,
83323,Floridians for Students with Special Needs,PAC,Political Committee,527 East Park Avenue,,Tallahassee,FL,32301,Palm Beach,8504041000,Salfer,Nechama,,Fenner,Noreen,A.
79624,Floridians For Surgical Safety,PAC,Political Committee,1563 Capital Circle Southeast,#142,Tallahassee,FL,32301,Leon,8507240605,Kato,Natalie,,Kato,Natalie,
73900,"Floridians for Sustainable Agriculture, Inc.",PAC,Political Committee,115 East Park Avenue,Suite 1,Tallahassee,FL,32301,Leon,3522755004,Jones,William,S.,Jones,William,S.
73995,Floridians for Uniting Strong Families,PAC,Political Committee,120 South Monroe Street,,Tallahassee,FL,32301,Leon,8507277087,Ramba,David,E.,Ramba,David,E.
84385,Floridians Solving Problems,PAC,Political Committee,2640A Mitcham Drive,,Tallahassee,FL,32308,Leon,8508771099,Shiver,Stephen,,Heitmeyer,Rich,
84418,Floridians Together for Change,PAC,Political Committee,9715 West Broward Boulevard,#246,Plantation,FL,33324,Broward,3053320733,Bazak,Ethan,,Nevins,Aaron,
73679,Floridians United,PAC,Political Committee,245 ALCAZAR AVENUE,,Coral Gables,FL,33134,Miami-Dade,3056772707,Suarez,Jesus,M.,Fiore,Anthony,
60848,Floridians United for a Sustainable Economy PC,PAC,Political Committee,120  S Monroe St,,Tallahassee,FL,32301,Leon,8507277087,Mast,Jon,,Ramba,David,E.
60648,FOCUS,PAC,Political Committee,527 East Park Avenue,,Tallahassee,FL,323010000,Leon,8504041000,Miller,Darby,,Mahootchi,Ahad,
60663,Focus EYEMD,PAC,Political Committee,527 East Park Avenue,,Tallahassee,FL,32301,Leon,8504041000,Miller,Darby,,Mahootchi,Ahad,
64780,Focused On Florida's Future PC,PAC,Political Committee,120 South Monroe Street,,Tallahassee,FL,32301,Leon,8507277087,Ramba,David,E.,Ramba,David,E.
60962,Foley & Lardner LLP Political Committee of Florida,PAC,Political Committee,106 East College Avenue,Suite 900,Tallahassee,FL,323017732,Leon,8502226100,Hosay,Robert,,McKee,James,A
79551,For A Better Jacksonville,PAC,Political Committee,7749 Normandy Boulevard,Num 121-805,Jacksonville,FL,32221,Duval,3522755004,Jones,William,S.,Jones,William,S.
74282,For A Brighter Future,PAC,Political Committee,1742 W Flagler Street,,Miami,FL,33135,Miami-Dade,7867624990,Ulvert,Christian,,Kuhn,Maria,
78788,For A Conservative Florida,PAC,Political Committee,"115 East Park Avenue, Suite 1",,Tallahassee,FL,32301,Leon,3522755004,Jones,William,S.,Jones,William,S.
89762,For God and Country,PAC,Political Committee,Post Office Box 2531,,Crestview,FL,32536,Okaloosa,8502276218,McMullen,Trei,,Jodoin,Jamie,C.
79535,For Our Children's Future,PAC,Political Committee,Post Office Box 11012,,Tallahassee,FL,32302,Leon,8502161002,Alexander,Ramon,,Dudley,Dana,
79502,For the Future We Want,PAC,Political Committee,1722 Northwest 80th Boulevard,Suite 90,Gainesville,FL,32606,Duval,3522755004,Jones,William,S.,Jones,William,S.
83356,For the People,PAC,Political Committee,Post Office Box 142213,,Gainesville,FL,32641,Alachua,8507240605,Hinson,Yvonne,,Kato,Natalie,
86100,For Us. For Good.,PAC,Political Committee,21019 Northeast 38th Avenue,,Aventurao,FL,33180,Miami-Dade,3054098889,Friedland,Rachel,,Friedland,Rachel,
89881,Forever Jacksonville,PAC,Political Committee,1722 Northwest 80th Boulevard,Suite 90,Gainesville,FL,32606,Alachua,3522755004,Jones,William,S.,Jones,William,S.
89327,Forging Florida's Future,PAC,Political Committee,Post Office Box 849,,Winter Park,FL,32790,Orange,2027886888,Lazo,Brannon,,Lazo,Brannon,
90815,Fort Lauderdale's Future,PAC,Political Committee,527 East Park Avenue,,Tallahassee,FL,32301,Leon,8504041000,Lovell,Rose,Ann,Fenner,Noreen,A.
89227,Forward for Orange,PAC,Political Committee,"20 N Orange Avenue, Suite 1100",,Orlando,FL,32801,Orange,3213227739,Lewis,Aaron,E.,Appelbaum,Grace,
91789,Forward Momentum PAC,PAC,Political Committee,"12472 Lake Underhill Rd, #333",,Orlando,FL,32826,Orange,3157506025,Thurston,Nicholas,,Gamboa,Jose,
84532,Forward Together Leon,PAC,Political Committee,Post Office Box 1701,,Tallahassee,FL,32302,Leon,8505674878,Welch,Brian,,Herron,Mark,
89288,Forward Together PC,PAC,Political Committee,701 South Howard Avenue,#106-813,Tampa,FL,33606,Hillsborough,8137330070,See,Stephanie,,Brill,Jonathan,
90745,Forward with Integrity,PAC,Political Committee,1287 East Blue Heron Boulevard,Suite 1,Riviera Beach,FL,33404,Palm Beach,5612470405,Gleason,James,,Gleason,James,
83576,Fostering a Better Miami - Dade,PAC,Political Committee,"2100 Salzedo Street, Suite 200",,Coral Gables,FL,33134,Miami-Dade,3054386528,Hernandez,Shannon,K,Fiore,Anthony,
88994,Fostering Florida's Future PC,PAC,Political Committee,2640-A Mitcham Drive,,Tallahassee,FL,32308,Hillsborough,8508771099,Buckley,Emily,,Heitmeyer,Rich,
83485,Foundation for American Values,PAC,Political Committee,527 East Park Avenue,,Tallahassee,FL,32301,Leon,8504041000,Shylkofski,Stephen,,Fenner,Noreen,A
84511,Foundation for Florida's Future PAC,PAC,Political Committee,610 South Boulevard,,Tampa,FL,33606,Hillsborough,8132543369,Bush Jr.,John,Ellis,Watkins,Nancy,
61098,Foundation for Freedom,PAC,Political Committee,P. O. Box 20252,,St. Petersburg,FL,33742,Pinellas,,Graham,Andrew,L,Jodoin,Jamie,C.
79922,Founding Principles,PAC,Political Committee,5155 Corporate Way,Suite D-2,Jupiter,FL,33458,Palm Beach,5616806233,Johnston,Richard,,Johnston,Richard,
69934,FPCA PC,PAC,Political Committee,Post Office Box 454,,Tallahassee,FL,32302,Leon,8502123250,Stander,William,,Stander,William,
73979,FPF Fire PC,PAC,Political Committee,343 West Madison Street,,Tallahassee,FL,323011625,Leon,8502247333,Bernoska,Wayne,,D'Ariano,Angelo,
84558,FRA FL,PAC,Political Committee,527 East Park Avenue,,Tallahassee,FL,32301,Leon,8504041000,Miles,Christopher,,Fenner,Noreen,A.
84216,Free Florida PC,PAC,Political Committee,2055 NW DIAMOND CREEK WAY,,Jensen Beach,FL,34957,Martin,7722618100,Millner,Michael,,Millner,Debbie,
64813,Free Markets for Florida,PAC,Political Committee,527 East Park Avenue,,Tallahassee,FL,32301,Lee,8504041000,Rodrigues,Ray,,Fenner,Noreen,A.
88995,Free The Plant,PAC,Political Committee,1400 Village Square Blvd,Ste 3-321,Tallahassee,FL,32312,Leon,8505833696,Jones,Andrew,,Gay,Andrew,
83910,Freedom & Liberty for Florida,PAC,Political Committee,3425 Bayside Lakes Blvd SE,Suite 103 #10012,Palm Bay,FL,32909,Brevard,3215912224,Wendt,Colin,,Wendt,Joseph,
79210,Freedom and Liberty Fund,PAC,Political Committee,527 East Park Avenue,,Tallahassee,FL,32301,Leon,8504041000,Brodeur,Jason,,Fenner,Noreen,
66014,"Freedom First Committee, Inc.",PAC,Political Committee,"115 East Park Avenue, Suite 1",,Tallahassee,FL,32301,Leon,3522755004,Jones,William,S.,Jones,William,S.
83580,Freedom In Education,PAC,Political Committee,4914 SW 72 Avenue,,Miami,FL,33155,Miami-Dade,3054450777,Colucci,Monica,,Riesco,Jose,A.
83911,Freedom on the Move,PAC,Political Committee,54 West Granada Boulevard,,Ormond Beach,FL,32174,Volusia,3862123957,Partington,Bill,,Scudiero,Mike,
89672,Freedom Syndicate PAC,PAC,Political Committee,732 North Highland Avenue,,Tarpon Springs,FL,34688,Pinellas,7026371586,Love,Aaron,,Minching,Simon,H.
60621,FRF Political Committee,PAC,Political Committee,227 South Adams Street,,Tallahassee,FL,32301,Leon,8502224082,Shalley,R.,Scott,Cash,Traci,
89622,Friend of Paula,PAC,Political Committee,4473 Willow Wind Court,,Orlando,FL,32835,Orange,6893564483,Ashton,John,,Ashton,John,
84336,Friends For A Better St. Petersburg,PAC,Political Committee,1814 West University Avenue,,Gainesville,FL,32603,Alachua,9046547407,Andrews,Nicholas,P,Andrews,Nicholas,P
89060,Friends of  Lebron,PAC,Political Committee,1640 The Oaks Boulevard,,Kissimmee,FL,34746,Osceola,4075920275,Swartz,Jonathan,Albert,Swartz,Jonathan,Albert
84410,Friends of Adam Ross,PAC,Political Committee,9800 4th Street North,Suite 200,St. Petersburg,FL,33702,Pinellas,7272015477,Ross,Adam,McGill,Jodoin,Jamie,C.
90609,Friends of Alexander Lambridis,PAC,Political Committee,2055 NW 4th Terrace #43B,,Boca Raton,FL,33431,Palm Beach,9199875436,Lambridis,Alexander,,Lambridis,Alexander,
84510,Friends of Alexcia Cox,PAC,Political Committee,9200 Belvedere Road,Suite 202,West Palm Beach,FL,33411,Palm Beach,5616899787,Asnani,Rick,,LeeBove,Kim,
89488,Friends of Allen Eason,PAC,Political Committee,96215 Palm Bluff Drive,,Fernandina Beach,FL,32034,Nassau,9048596883,Eason,Allen,,Kestner,Jill,
90642,Friends of Amanda Silvestri,PAC,Political Committee,527 East Park Avenue,,Tallahassee,FL,32301,Leon,8504041000,Silvestri,Amanda,,Fenner,Noreen,
89437,Friends of Amaro Lionheart,PAC,Political Committee,2714 Lakebreeze Lane South,,Clearwater,FL,33759,Pinellas,3057613419,Lionheart,Amaro,,Lionheart,Amaro,
79732,Friends of Amira Fox,PAC,Political Committee,"1375 Jackson Street, #202",,Fort Myers,FL,33901,Lee,2399802224,Fox,Amira,,Fenner,Noreen,
89494,Friends of Amy Lockhart,PAC,Political Committee,527 East Park Avenue,,Tallahassee,FL,32301,Leon,8504041000,Lockhart,Amy,,Fenner,Noreen,
89026,Friends of Anne Gerwig,PAC,Political Committee,"2101 Vista Parkway, Suite 204",,West Palm Beach,FL,33411,Palm Beach,5613517869,Nelson,Francine,,Nelson,Francine,
91195,Friends of Annette Taddeo PC,PAC,Political Committee,1742 West Flagler Street,,Miami,FL,33135,Miami-Dade,7867624990,Taddeo,Annette,,Kuhn,Maria,
79577,Friends of Arringtons,PAC,Political Committee,Post Office Box 20252,,Saint Petersburg,FL,33742,Pinellas,8133357472,Arrington,Kristen,,Jodoin,Jamie,C.
89506,Friends of Ashley Litwin Diego PC,PAC,Political Committee,1742 West Flagler Street,,Miami,FL,33135,Miami-Dade,7867624990,Uvert,Christian,,Kuhn,Maria,
83464,Friends of Ben Albritton,PAC,Political Committee,527 East Park Avenue,,Tallahassee,FL,32301,,8504041000,Albritton,Ben,,Fenner,Noreen,A.
90257,Friends of Ben Braver,PAC,Political Committee,10522 Mistflower Lane,,Tampa,FL,33647,Hillsborough,2163143066,Braver,Ben,,Braver,Ben,
66266,Friends of Ben Diamond,PAC,Political Committee,Post Office Box 1701,,Tallahassee,FL,323021701,Leon,8505674878,Herron,Mark,,Herron,Mark,
93228,Friends of Bev Slough,PAC,Political Committee,"1722 NW 80th Blvd, Suite 90",,Gainesville,FL,32606,Alachua,3522755004,Jones,William,S.,Jones,William,S.
89697,Friends of Bianca,PAC,Political Committee,Post Office Box 20252,,St. Petersburg,FL,33742,Pinellas,7272387452,Jodoin,Jamie,C.,Jodoin,Jamie,C.
89895,Friends of Bill Carlson,PAC,Political Committee,301 W. Platt Street,Suite A-379,Tampa,FL,33606,Hillsborough,8132280652,Hall,Tom,,Watkins,Michael,I.
89238,Friends of Bill Poteet,PAC,Political Committee,1722 NW 80th Boulevard,Suite 90,Gainesville,FL,32606,Alachua,3522755004,Jones,William,S,Jones,William,S
79506,Friends of Blaise Ingoglia,PAC,Political Committee,610 South Boulevard,,Tampa,FL,33606,Hillsborough,8132543369,Ingoglia,Blaise,,Watkins,Nancy,H
89075,Friends of Bob Buckhorn,PAC,Political Committee,701 S Howard Avenue #106-813,,Tampa,FL,33606,Hillsborough,8137330070,Brill,Jonathan,,Brill,Jonathan,
88548,Friends of Bobby Powell,PAC,Political Committee,Post Office Box 1701,,Tallahassee,FL,32302,Leon,8505674878,Powell Jr.,Bobby,,Herron,Mark,
88907,Friends of Brannan,PAC,Political Committee,1722 Northwest 80th  Boulevard,Suite 90,Gainesville,FL,32606,Alachua,3522755004,Jones,William,S,Jones,William,S.
79940,Friends of Brian Hamman,PAC,Political Committee,"1375 Jackson Street, Suite 202",,Fort Myers,FL,33901,Lee,2399802224,Hamman,Brian,,Fenner,Noreen,
89118,Friends of Brian Hodgers,PAC,Political Committee,527 East Park Avenue,,Tallahassee,FL,32301,Leon,8504041000,Hodgers,Brian,,Fenner,Noreen,A.
91788,Friends of Brian Nathan,PAC,Political Committee,Post Office Box 1701,,Tallahassee,FL,323021701,Leon,8505674878,Nathan,Brian,,Herron,Mark,
89891,Friends of Brittany Lyssy,PAC,Political Committee,610 South Boulevard,,Tampa,FL,33606,Hillsborough,8132543369,Lyssy,Brittany,,Watkins,Nancy,H.
89885,Friends of Budensiek,PAC,Political Committee,527 East Park Avenue,,Tallahassee,FL,32301,Leon,8504041000,Budensiek,John,,Fenner,Noreen,A.
89043,Friends of Byron Donalds PAC,PAC,Political Committee,"6017 Pine Ridge Road, #361",,Naples,FL,34119,Leon,6173036800,Smith,Ryan,,Crate,Bradley,T.
73881,Friends of Carlos Guillermo Smith,PAC,Political Committee,Post Office Box 677205,,Orlando,FL,32867,Orange,4049344944,Smith,Carlos,Guillermo,Green,Shelby,
76364,Friends of Carmine Marceno,PAC,Political Committee,133 Harbor Drive South,,Venice,FL,34285,Sarasota,9412006551,Marceno,Carmine,,Robinson,Eric,
80281,Friends of Carolina Amesty,PAC,Political Committee,526 East Park Avenue,,Tallahassee,FL,32301,Leon,8505666203,Rosario,Jay,,Doster,Russell,
74217,Friends of Chad Chronister,PAC,Political Committee,610 South Boulevard,,Tampa,FL,33606,Hillsborough,8132543369,St.John,Thomas,,Watkins,Nancy,H.
84392,Friends of Chad Johnson,PAC,Political Committee,527 East Park Avenue,,Tallahassee,FL,32301,Leon,8504041000,Johnson,Angela,,Fenner,Noreen,A
84277,Friends of Chris Hall,PAC,Political Committee,6540 Trail Boulevard,,Naples,FL,34108,Collier,2562441493,Hall,James,A.,Hall,Dorothy,
88697,Friends of Chris Hoffman,PAC,Political Committee,1722 Northwest 80th Boulevard,Suite 90,Gainesville,FL,32606,Alachua,3522755004,Jones,William,S.,Jones,William,S.
79689,Friends of Chris Latvala,PAC,Political Committee,Post Office Box 20252,,St. Petersburg,FL,33742,Pinellas,7275459566,Goode,Rachel,,Jodoin,Jamie,C.
90720,Friends of Chris Nocco,PAC,Political Committee,527 East Park Avenue,,Tallahassee,FL,32301,Leon,8504041000,Nocco,Chris,,Fenner,Noreen,
83854,Friends of Chris Scherer,PAC,Political Committee,610 South Boulevard,,Tampa,FL,33606,Hillsborough,8132543369,Scherer,Chris,,Watkins,Nancy,H
90704,Friends of Chris Taylor,PAC,Political Committee,Post Office Box 9761,,Tampa,FL,33674,Hillsborough,8134676999,Taylor,Christopher,,L'Herrou,Bradley,
89438,Friends Of Chris Vincent,PAC,Political Committee,5000 North Ocean Boulevard,#209,Lauderdale By The Sea,FL,33308,Broward,9546128606,Vincent,Chris,,Denapoli,Richard,
84476,Friends of Christian Caban,PAC,Political Committee,301 South Bronough Street,#600,Tallahassee,FL,32301,Leon,8505446255,Caban,Christian,,Richards,Allison,
88898,Friends of Christina Lambert,PAC,Political Committee,"9200 Belvedere Road, Suite 202",,West Palm Beach,FL,33411,Palm Beach,5616899787,Asnani,Rick,,LeeBove,Kim,
84672,Friends of Christine Miller,PAC,Political Committee,"4522 W Village Drive, #655",,Tampa,FL,33624,Hillsborough,8135230326,White,Wendy,,White,Wendy,
89603,Friends of Christopher Blackmon,PAC,Political Committee,527 East Park Avenue,,Tallahassee,FL,32301,Leon,8504041000,Blackmon,Christopher,,Fenner,Noreen,A.
70505,Friends of Colleen Burton,PAC,Political Committee,527 East Park Avenue,,Tallahassee,FL,32301,Leon,8504041000,Burton,Colleen,,Fenner,Noreen,A.
83319,Friends of Corey Simon,PAC,Political Committee,2640-A Mitcham Drive,,Tallahassee,FL,32308,Leon,8508771099,Simon,Corey,,Dupree,Abby,
89758,Friends of Cynthia West,PAC,Political Committee,527 East Park Avenue,,Tallahassee,FL,32301,Leon,8504041000,West,Cynthia,,Fenner,Noreen,A.
89615,Friends of Dana Middleton,PAC,Political Committee,527 East Park Avenue,,Tallahassee,FL,32301,Palm Beach,8504041000,Middleton,Dana,,Fenner,Noreen,A.
79273,Friends of Dana Trabulsy,PAC,Political Committee,527 East Park Avenue,,Tallahassee,FL,32301,Leon,8504041000,Trabulsy,Dana,,Fenner,Noreen,A.
90715,Friends of Daniel Zapata,PAC,Political Committee,1722 NW 80th Boulevard,Suite 90,Gainesville,FL,32606,Alachua,3522755004,Jones,William,S.,Jones,William,S
83561,Friends of Danny Alvarez,PAC,Political Committee,4522 W Village Drive,#655,Tampa,FL,33624,Hillsborough,8135230326,Alvarez,Danny,,White,Wendy,
84027,Friends of Danny Nix,PAC,Political Committee,133 Harbor Drive South,,Venice,FL,34285,Sarasota,9414887794,Robinson,Eric,,Robinson,Eric,
84248,Friends of Darla Bonk,PAC,Political Committee,Post Office Box 20252,,St. Petersburg,FL,33742,Pinellas,,Stefanacci,Dominick,,Jodoin,Jamie,C
93211,Friends of Darryl Block,PAC,Political Committee,4455 Hood Ave,,Titusville,FL,32780,Seminole,7049931593,Wickline,Chasidy,,Barnard,Robert,C.
85854,Friends of David Mulicka,PAC,Political Committee,527 East Park Avenue,,Tallahassee,FL,32301,Leon,8504041000,Mulicka,David,,Fenner,Noreen,A.
89809,Friends of David Neuman,PAC,Political Committee,122 Lagoon Avenue,,Melbourne,FL,32901,Brevard,3213263287,Neuman,David,,Neuman,David,
83447,Friends of David Silvers,PAC,Political Committee,"9200 Belvedere Road, Suite 202",,West Palm Beach,FL,33411,Palm Beach,5616899787,Asnani,Rick,,LeeBove,Kim,
74137,Friends of David Smith,PAC,Political Committee,527 East Park Avenue,,Tallahassee,FL,32301,Leon,8504041000,Smith,David,,Fenner,Noreen,A.
89037,Friends of Debbie Mayfield,PAC,Political Committee,527 East Park Avenue,,Tallahassee,FL,32301,Leon,8504041000,Mayfield,Debbie,,Fenner,Noreen,A.
84489,Friends of Deborah Poulalion,PAC,Political Committee,164 Sheridan Avenue,,Longwood,FL,32750,Seminole,4073320405,Ardinger,Dennis,B.,Dwyer,Ann,L.
89366,Friends of Debra Tendrich,PAC,Political Committee,6045 Lace Wood Circle,,Lake Worth,FL,33462,Palm Beach,6784283370,Tendrich,Debra,,Stern,Karen,
89732,Friends of DeNiro,PAC,Political Committee,610 South Boulevard,,Tampa,FL,33606,Hillsborough,8132543369,DeNiro,Jim,,Watkins,Nancy,H.
84275,Friends of Denise Carlin,PAC,Political Committee,"1375 Jackson Street, Ste 202",,Ft. Myers,FL,33901,Lee,8504041000,Carlin,Denise,,Fenner,Noreen,
79765,Friends of Dennis Hinds,PAC,Political Committee,3375 Southwest 173 Way,,Miramar,FL,33029,Broward,9542669876,Hinds,Dennis,,Wilson,Milton,
84412,Friends of Dennis Lemma,PAC,Political Committee,526 East Park Avenue,,Tallahassee,FL,32301,Leon,8505666203,Streetman,Fred,,Doster,Russell,
84006,Friends of Donna Cameron Cepeda,PAC,Political Committee,"4522 W Village Drive, #655",,Tampa,FL,33624,Hillsborough,8135230326,Cepeda,Donna,Cameron,White,Wendy,
89528,Friends of Dorothea Taylor Bogert,PAC,Political Committee,PO Box 1896,,Auburndale,FL,33823,Polk,8639670096,Bogert,Dorothea,Taylor,Burton,Jacob,
83919,Friends of Ebo Entsuah,PAC,Political Committee,1722 North West 80th Boulevard,Suite 90,Gainesville,FL,32606,Alachua,3522755004,Jones,William,S.,Jones,William,S.
69726,Friends of Ed Hooper,PAC,Political Committee,527 East Park Avenue,,Tallahassee,FL,32301,Leon,8504041000,Hooper,Ed,,Fenner,Noreen,A.
84075,Friends of Ed Montanari,PAC,Political Committee,9800 4th Street North,Suite 200,St.Petersburg,FL,33702,Pinellas,8504041000,Montanari,Ed,,Fenner,Noreen,A
89593,Friends of Elizabeth Accomando,PAC,Political Committee,120 South Monroe Street,,Tallahassee,FL,32301,Leon,8507277087,Accomando,Elizabeth,,Ramba,David,E.
89363,Friends of Erica Whitfield,PAC,Political Committee,"9200 Belvedere Road, Suite 202",,West Palm Beach,FL,33411,Palm Beach,5616899787,Asnani,Rick,,LeeBove,Kim,
79827,Friends of Erin Grall,PAC,Political Committee,7555 20th Street,,Vero Beach,FL,32966,Indian River,7725690000,Grall,Erin,,Fenner,Noreen,A.
79615,Friends of Farias,PAC,Political Committee,Post Office Box 653223,,Miami,FL,332653223,Miami-Dade,7862867815,Farias,Johnny,G.,Farias,Johnny,G.
89653,Friends of Frank Lago,PAC,Political Committee,"2100 Salzedo Street, Suite 200",,Coral Gables,FL,33134,Miami-Dade,3054386528,Lago,Frank,,Fiore,Anthony,
69868,Friends of Gayle Harrell,PAC,Political Committee,527 East Park Avenue,,Tallahassee,FL,32301,Leon,8504041000,Harrell,Gayle,,Fenner,Noreen,
74983,Friends of Gina Driscoll,PAC,Political Committee,Post Office Box 9761,,Tampa,FL,33674,Pinellas,7276550192,Rimer,Terry,,Rimer,Terry,
88565,Friends of Gloria Branch,PAC,Political Committee,527 East Park Avenue,,Tallahassee,FL,32301,Leon,8504041000,Branch,Gloria,,Fenner,Noreen,A.
84143,Friends of Grady Judd,PAC,Political Committee,527 East Park Avenue,,Tallahassee,FL,32301,Leon,8504141000,McKeel,Seth,,Fenner,Noreen,A.
83966,Friends of Greg Folley,PAC,Political Committee,527 East Park Avenue,,Tallahassee,FL,32301,Leon,8504041000,Folley,Greg,,Fenner,Noreen,A.
79522,Friends of Griff Griffitts,PAC,Political Committee,526 E. Park Ave,,Tallahassee,FL,32301,Sarasota,8505666203,Doster,Russell,,Doster,Russell,
89563,Friends of Hilary Holley,PAC,Political Committee,527 East Park Avenue,,Tallahassee,FL,32301,Leon,8504041000,Holley,Hilary,,Fenner,Noreen,
79268,Friends of Hillary Cassel,PAC,Political Committee,527 East Park Avenue,,Tallahassee,FL,32301,Broward,8504041000,Cassel,Hillary,,Fenner,Noreen,A.
90656,Friends of Honor Fund,PAC,Political Committee,201 South Monroe Street,4th Floor,Tallahassee,FL,32301,Leon,8507240605,Kato,Natalie,,Kato,Natalie,
89343,Friends of Hugo Vargas,PAC,Political Committee,527 East Park Avenue,,Tallahassee,FL,32301,Leon,2399802224,Vargas,Hugo,,Fenner,Noreen,
83954,Friends of Hunter Peeler,PAC,Political Committee,527 East Park Avenue,,Tallahassee,FL,32301,Leon,8504041000,Peeler,Hunter,,Fenner,Noreen,A.
93225,Friends of James Bush III,PAC,Political Committee,Post Office Box 20252,,St. Petersburg,FL,33702,Pinellas,8133357472,Bush III,James,,Jodoin,Jamie,C.
83955,Friends of James St. George,PAC,Political Committee,527 East Park Avenue,,Tallahassee,FL,32301,Leon,8504041000,St.George,James,,Fenner,Noreen,A
89007,Friends of James Uthmeier,PAC,Political Committee,2640A Mitcham Drive,,Tallahassee,FL,32308,Leon,8508771099,Uthmeier,James,,Heitmeyer,Rich,
89294,Friends of Jane Aman,PAC,Political Committee,7720 Clove Hitch Way,,Orlando,FL,32832,Orange,3212956304,Gamboa,Jose,,Gamboa,Jose,
89108,Friends of Jason Paul Smith,PAC,Political Committee,527 East Park Avenue,,Tallahassee,FL,32301,Leon,8504041000,Smith,Jason,Paul,Fenner,Noreen,A.
89878,Friends of Jay Zembower PAC,PAC,Political Committee,527 East Park Avenue,,Tallahassee,FL,32301,Leon,8504041000,Zembower,Jay,,Fenner,Noreen,"A,"
79996,Friends of Jennifer Canady,PAC,Political Committee,527 East Park Avenue,,Tallahassee,FL,32301,Leon,8504041000,Canady,Jennifer,,Fenner,Noreen,A
85513,Friends of Jennifer Kincart Jonsson,PAC,Political Committee,527 East Park Avenue,,Tallahassee,FL,32301,Hillsborough,8504041000,Jonsson,Jennifer,,Fenner,Noreen,A.
89406,Friends of Jennifer Winkler,PAC,Political Committee,133 Harbor Drive South,,Venice,FL,34285,Sarasota,9414887794,Winkler,Jennifer,,Robinson,Eric,
89854,Friends of Jerusa Zitta,PAC,Political Committee,Post Office Box 20252,,St. Petersburg,FL,33742,Pinellas,8133357472,Zitta,Arno,,Jodoin,Jamie,C.
83605,Friends of Jim Boyd,PAC,Political Committee,527 East Park Avenue,,Tallahassee,FL,32301,Leon,8504041000,Boyd,Jim,,Fenner,Noreen,A.
89149,Friends of Jim Gray,PAC,Political Committee,527 East Park Avenue,,Tallahassee,FL,32301,Leon,8504041000,Gray,Jim,,Fenner,Noreen,A.
74575,Friends of Jim Mooney,PAC,Political Committee,527 East Park Avenue,,Tallahassee,FL,32301,Leon,8504041000,Mooney Jr,James,Vernon,Fenner,Noreen,A.
84851,Friends of Joe Gruters,PAC,Political Committee,1722 Northwest 80th Boulevard,Suite 90,Gainesville,FL,32606,Alachua,3522755004,Jones,William,S,Jones,William,S.
89476,Friends of Joe Morgan,PAC,Political Committee,120 South Monroe Street,,Tallahassee,FL,32301,Leon,8507277087,Morgan,Joe,,Ramba,David,E
83961,Friends of Joe Saunders,PAC,Political Committee,1742 West Flagler Street,,Miami,FL,33135,Miami-Dade,7867624990,Ulvert,Christian,,Kuhn,Maria,
83998,Friends of Joel Flores,PAC,Political Committee,9200 Belvedere Road,Suite 202,West Palm Beach,FL,33411,Palm Beach,5616899787,Asnani,Rick,,LeeBove,Kim,
89618,Friends of Johanna Lopez,PAC,Political Committee,P.O. Box 720533,,Orlando,FL,32872,Orange,3212956304,Gamboa,Jose,,Gamboa,Jose,
89614,Friends of John Gunter,PAC,Political Committee,527 East Park Avenue,,Tallahassee,FL,32301,Leon,8504041000,Gunter,John,,Fenner,Noreen,A.
89922,Friends of John Harshman,PAC,Political Committee,"9200 Belvedere Road, Suite 202",,West Palm Beach,FL,33411,Palm Beach,5616899787,Asnani,Rick,,LeeBove,Kim,
91295,Friends of John Lowndes,PAC,Political Committee,"701 S. Howard Ave, #106-813",,Tampa,FL,33606,Hillsborough,8137330070,McIntosh,Elizabeth,,Brill,Jonathan,
89791,Friends of Jon Fay,PAC,Political Committee,527 East Park Avenue,,Tallahassee,FL,32301,Leon,8504041000,Fay,Jon,,Fenner,Noreen,A.
89143,Friends of Jon Maples,PAC,Political Committee,527 East Park Avenue,,Tallahassee,FL,32301,Leon,8504041000,Maples,Jon,,Fenner,Noreen,A.
84643,Friends of Jonathan Albert PC,PAC,Political Committee,527 East Park Avenue,,Tallahassee,FL,32301,Polk,8504041000,Albert,Jonathan,,Fenner,Noreen,A.
83403,Friends of Jonathan Martin,PAC,Political Committee,527 East Park Avenue,,Tallahassee,FL,32301,Leon,8504041000,Smith,Ryan,,Fenner,Noreen,A.
90081,Friends of Jonathan Rubin,PAC,Political Committee,P. O. Box 20252,,St. Petersburg,FL,33742,Martin,,Rubin,Jonathan,,Jodoin,Jamie,C.
93191,Friends of Jorge Figueroa,PAC,Political Committee,106 N Alderwood Street,,Winter Springs,FL,32708,Seminole,4079133579,Ruiz,Rafiq,Rao,Gamboa,Jose,
84276,Friends of Jose Alvarez,PAC,Political Committee,120 South Monroe Street,,Tallahassee,FL,32301,Leon,8507277087,Ramba,David,E,Ramba,David,E
83770,Friends of Joshua Wostal,PAC,Political Committee,1722 Northwest 80th Boulevard,Suite 90,Gainesville,FL,32606,Hillsborough,3522755004,Jones,William,,Jones,William,
89569,Friends of Josie Tomkow,PAC,Political Committee,527 East Park Avenue,,Tallahassee,FL,32301,Leon,8504041000,Tomkow,Josie,,Fenner,Noreen,A.
89085,Friends of JPO,PAC,Political Committee,Post Office Box 20252,,St. Petersburg,FL,33742,Pinellas,5612922754,Cummings,Greg,,Jodoin,Jamie,C.
83717,Friends of Judson Sapp,PAC,Political Committee,610 South Boulevard,,Tampa,FL,33606,Clay,8132543369,Sapp,Judson,,Watkins,Nancy,H
93196,Friends of Judy Ngying,PAC,Political Committee,Post Office Box 390241,,Deltona,FL,32739,Volusia,3867178067,Ngying,Judy,,Ngying,Sean,
89304,Friends of Karen Brill,PAC,Political Committee,"9200 Belvedere Road, Suite 202",,West Palm Beach,FL,33411,Palm Beach,5616899787,Brill,Karen,,LeeBove,Kim,
84201,Friends of Karen Gonzalez Pittman,PAC,Political Committee,610 South Boulevard,,Tampa,FL,33606,Hillsborough,8132543369,Gonzalez Pittman,Karen,,Watkins,Nancy,H
81671,Friends of Katherine Waldron,PAC,Political Committee,1427 Piedmont Drive East,Suite 2,Tallahassee,FL,32308,Leon,8503851120,McLeod,Taylor,,Gay,Andrew,
89441,Friends of Kelly Ann Walker,PAC,Political Committee,610 South Boulevard,,Tampa,FL,33606,Hillsborough,8132543369,Walker,Kelly,Ann,Watkins,Nancy,H.
79526,Friends of Kevin Anderson,PAC,Political Committee,Post Office Box 20252,,Saint Petersburg,FL,33742,Pinellas,8133357472,Brylanski,Rick,,Jodoin,Jamie,C.
85358,Friends of Kevin Chambliss,PAC,Political Committee,Post Office Box 1701,,Tallahassee,FL,32302,Leon,8505674878,Herron,Mark,,Herron,Mark,
74220,Friends of Kevin Ruane,PAC,Political Committee,527 East Park Avenue,,Tallahassee,FL,32301,Lee,8504041000,Ruane,Kevin,,Fenner,Noreen,
89074,Friends of Kim Amontree,PAC,Political Committee,"1375 Jackson Street, Suite 202",,Fort Myers,FL,33901,Lee,8504041000,Amontree,Kim,,Fenner,Noreen,A
80981,Friends of Kim Berfield,PAC,Political Committee,610 South Boulevard,,Tampa,FL,33606,Hillsborough,8132543369,Berfield,"Kimberly ""Kim""",,Watkins,Nancy,H.
83851,Friends of Kim Kendall,PAC,Political Committee,526 East Park Avenue,,Tallahassee,FL,32301,,8505666203,Doster,Russell,,Doster,Russell,
79859,Friends of Kiyan Michael,PAC,Political Committee,526 East Park Avenue,,Tallahassee,FL,32301,Leon,8505666203,Doster,Russell,S.,Doster,Russell,S.
60432,Friends of Landscape Architecture Political Committee,PAC,Political Committee,119 South Monroe Street,Suite 202,Tallahassee,FL,32301,Leon,8506816788,Flannigan,David,,Ferguson,Diana,
89561,"Friends of Larisa Svechin, Inc.",PAC,Political Committee,Post Office Box 30265,,Fort Launderdale,FL,33303,Broward,9547670300,Hildrew,Steve,,Blank,Jason,B.
89446,Friends of Laura Hine,PAC,Political Committee,525 16th Avenue Northeast,,St. Petersburg,FL,33704,Pinellas,7278718642,Hine,Laura,,Hillyer,Marianne,
75035,Friends of Lauren Melo,PAC,Political Committee,527 East Park Avenue,,Tallahassee,FL,32301,Leon,8504041000,Melo,Lauren,,Fenner,Noreen,
78833,Friends of Lee Constantine,PAC,Political Committee,640 Jasmine Road,,Altamonte Springs,FL,32701,Seminole,4072215551,Constantine,Lee,,Constantine,Lee,
89240,Friends of Lee Steinhauer,PAC,Political Committee,526 East Park Avenue,,Tallahassee,FL,32301,Leon,8502228156,Steinhauer,Raleigh,Lee,Doster,Russell,
88518,Friends of Leonard Spencer,PAC,Political Committee,701 South Howard Avenue,#106-813,Tampa,FL,33606,Hillsborough,8137330070,Harris,Kristie,,Brill,Jonathan,
89592,Friends of Les Nichols,PAC,Political Committee,931 Tangled Oaks Drive,,Sarasota,FL,34232,Sarasota,8509102969,Nichols,Les,,Nichols,Les,
89449,Friends of Liesa Priddy,PAC,Political Committee,610 S. Boulevard,,Tampa,FL,33606,Hillsborough,8132543369,Priddy,Liesa,,Watkins,Nancy,H.
79225,Friends of Linda Chaney,PAC,Political Committee,2055 NW Diamond Creek Way,,Jensen Beach,FL,34957,Martin,7722618100,Chaney,Linda,,Millner,Michael,
89759,Friends of Lindsey Denmark,PAC,Political Committee,527 East Park Avenue,,Tallahassee,FL,32301,Leon,8504041000,Denmark,Lindsey,,Fenner,Noreen,
89146,Friends of Lisa Yeager,PAC,Political Committee,2055 NW Diamond Creek Way,,Jensen Beach,FL,34957,Martin,7722618100,Yeager,Lisa,,Millner,Debbie,
88922,Friends of Local Government,PAC,Political Committee,1931 Cordova Road 2016,,Ft. Lauderdale,FL,33316,Broward,2027635530,Johnson,Kathleen,,Johnson,Kathleen,
69825,Friends of Lori Berman,PAC,Political Committee,Post Office Box 1701,,Tallahassee,FL,32302,Leon,8505674878,Herron,Mark,,Herron,Mark,
89431,Friends of Luiz F F Garcia,PAC,Political Committee,"4522 W Village Drive, #655",,Tampa,FL,33624,Hillsborough,8135230326,Garcia,Luiz,F F,White,Wendy,
83980,Friends of Mack Bernard PC,PAC,Political Committee,Post Office Box 1701,,Tallahassee,FL,32302,Leon,8505674878,Bernard,Mack,,Herron,Mark,
89117,Friends of Marci Woodward,PAC,Political Committee,527 East Park Avenue,,Tallahassee,FL,32301,Leon,8504041000,Woodward,Marci,,Fenner,Noreen,A.
88906,Friends of Maritime Alliance,PAC,Political Committee,610 South Boulevard,,Tampa,FL,33606,Hillsborough,8132543369,Kuzmick,Bill,,Watkins,Nancy,H.
91194,Friends of Mark Lightner,PAC,Political Committee,4310 Chardonnay Drive,,Rockledge,FL,32955,Brevard,3213450111,Lightner,Mark,,Lightner,Mark,
83713,Friends of Mark Sheldon,PAC,Political Committee,104 Twilight Bay Drive,,Panama City Beach,FL,32407,Bay,9414887794,Sheldon,Mark,,Robinson,Eric,
79941,Friends of Marlon Bolton PAC,PAC,Political Committee,1563 Capital Circle Southeast,Unit 44,Tallahassee,FL,32301,Leon,3059927885,Bolton,Marlon,,Bolton,Marlon,
89136,Friends of Marshall Rawson,PAC,Political Committee,17829 Northwest 20th Avenue,,Newberry,FL,32669,Alachua,3522153050,Rawson,Marshall,Clayton,Thornton,J.,Ronald
80060,Friends of Marty Kiar,PAC,Political Committee,120 South Monroe Street,,Tallahassee,FL,32301,Leon,8507277087,Kiar,Marty,,Ramba,David,E.
89492,Friends of Mary Downey,PAC,Political Committee,201 South Monroe Street,4th Floor,Tallahassee,FL,32301,Leon,8507240605,Kato,Natalie,,Kato,Natalie,
69372,Friends of Matt Caldwell,PAC,Political Committee,527 East Park Avenue,,Tallahassee,FL,32301,Miami-Dade,8504041000,Caldwell,Matt,,Fenner,Noreen,
84755,Friends of Matt McClain,PAC,Political Committee,526 East Park Avenue,,Tallahassee,FL,32301,Leon,8505666203,Elliott,Samuel,,Doster,Russell,
83810,Friends of Matt Susin,PAC,Political Committee,120 South Monroe Street,,Tallahassee,FL,32301,Leon,8507277087,Susin,Matt,,Ramba,David,E
83941,Friends of Megan Weinberger,PAC,Political Committee,1722 Northwest 80th Blvd,Suite 90,Gainesville,FL,32606,Alachua,3522755004,Jones,William,s,Jones,William,S
84585,Friends of Melissa Blazier,PAC,Political Committee,120 South Monroe Street,,Tallahassee,FL,32301,Leon,8507277087,Ramba,David,E,Ramba,David,E.
93192,Friends of Melissa Rutland,PAC,Political Committee,527 East Park Avenue,,Tallahassee,FL,32301,Leon,8504041000,Rutland,Melissa,,Fenner,Noreen,
84591,Friends of Miami Dade,PAC,Political Committee,11120 North Kendall Drive,Suite 200,Miami,FL,33176,Miami-Dade,3052738008,Badillo,Cesar,,Puente,Justin,
88866,Friends of Michelle Salzman,PAC,Political Committee,527 East Park Avenue,,Tallahassee,FL,32301,Leon,8504041000,Salzman,Michelle,,Fenner,Noreen,A.
90648,Friends of Miguel Granda,PAC,Political Committee,527 East Park Avenue,,Tallahassee,FL,32301,Leon,8504041000,Granda,Miguel,,Fenner,Noreen,
89757,Friends of Mike Beltran,PAC,Political Committee,120 South Monroe Street,,Tallahassee,FL,32301,Leon,8507277087,Ramba,David,E.,Ramba,David,E.
78965,Friends of Mike Giallombardo,PAC,Political Committee,527 East Park Avenue,,Tallahassee,FL,32301,Leon,8504041000,Giallombardo,Mike,,Fenner,Noreen,
90608,Friends of Mike Jaffe,PAC,Political Committee,5240 Babcock Street NE,Unit 218B,Palm Bay,FL,32905,Brevard,3213135771,Jaffe,Mike,,Jaffe,Mike,
89570,Friends of Mike Liebelson,PAC,Political Committee,527 East Park Avenue,,Tallahassee,FL,32301,Leon,8504041000,Liebelson,Mike,,Fenner,Noreen,
89105,Friends of Mike Rahn,PAC,Political Committee,120 South Monroe Street,,Tallahassee,FL,32301,Leon,8507277087,Rahn,Michael,,Ramba,David,E.
88916,Friends of Mindy Gibson,PAC,Political Committee,2055 NW Diamond Creek Way,,Jensen Beach,FL,34957,Martin,7722618100,Gibson,Mindy,,Millner,Debbie,
89651,Friends of Mollyana Ward,PAC,Political Committee,527 East Park Avenue,,Tallahassee,FL,32301,Leon,8504041000,Ward,Mollyana,,Fenner,Noreen,A.
83990,Friends of Monique Miller,PAC,Political Committee,2055 NW Diamond Creek Way,,Jensen Beach,FL,34957,Martin,7722618100,Miller,Monique,,Millner,Debbie,
79651,Friends of Morey Wright,PAC,Political Committee,10141 West Commercial Blvd,,Tamarac,FL,33351,Broward,9547208300,Wright Jr,Morey,,Adejola,Ameerah,S.
60666,Friends of Mount Sinai Medical Center,PAC,Political Committee,527 East Park Avenue,,Tallahassee,FL,32301,Leon,8504041000,Deutch,David,,Deutch,David,O.
83933,Friends of Myron Rolle,PAC,Political Committee,1427 Piedmont Drive East,,Tallahassee,FL,32308,Leon,8503851120,Rolle,Latoya,,Gay,Andrew,
88687,Friends of Nathan Bruemmer PC,PAC,Political Committee,701 S. Howard Avenue #106-813,,Tampa,FL,33606,Hillsborough,8137330070,Brock,Edward,,Brill,Jonathan,
83646,Friends of Nick DiCeglie,PAC,Political Committee,527 East Park Avenue,,Tallahassee,FL,32301,Leon,8504041000,DiCeglie,Nick,,Fenner,Noreen,
88935,Friends of Nick Pachota,PAC,Political Committee,527 East Park Avenue,,Tallahassee,FL,32301,Leon,8504041000,Pachota,Nick,,Fenner,Noreen,A.
83879,Friends of Orlando Lamas,PAC,Political Committee,951 Swan Avenue,,Miami Springs,FL,33166,Miami-Dade,7882951045,Lamas,Orlando,,Lamas,Arianna,
89349,Friends of Paul Mixon,PAC,Political Committee,Post Office Box 11192,,Tallahassee,FL,32302,Leon,8502228156,Mixon,Paul,,Doster,Russell,
89415,Friends of Paul Renner,PAC,Political Committee,Post Office Box 20252,,St. Petersburg,FL,33742,Pinellas,8133357472,Doster,Brett,,Jodoin,Jamie,C.
74281,Friends of Ponte Vedra,PAC,Political Committee,1283 Ponte Vedra Boulevard,,Ponte Vedra,FL,32082,St. Johns,9177634887,Moffett,Lori,,Angelo,Beth,
79137,Friends of Rachel Plakon,PAC,Political Committee,1015 Tufton Cove,,Lake Mary,FL,32746,Seminole,4078081506,Plakon,Rachel,,McMillan,Matthew,
83913,Friends of Rachelle Litt,PAC,Political Committee,Post Office Box 30295,,Fort Lauderdale,FL,33303,Broward,9547670300,Haber,Jason,H,Blank,Jason,B.
79606,Friends of Reggie Gaffney,PAC,Political Committee,8983 Lithia Court,,Jacksonville,FL,32216,Duval,9043497534,Gaffney,Reggie,,Rowe,Linda,
74180,Friends of Ric Bradshaw,PAC,Political Committee,9200 Belvedere Road,Suite 202,West Palm Beach,FL,33411,Palm Beach,5616899787,Asnani,Rick,,LeeBove,Kim,
84122,Friends of Richard Del Toro,PAC,Political Committee,527 East Park Avenue,,Tallahassee,FL,32301,Leon,8504041000,Del Toro JR.,Richard,R,Fenner,Noreen,A
84474,Friends of Richard Gentry,PAC,Political Committee,527 East Park Avenue,,Tallahassee,FL,32301,Leon,8504041000,Gentry,Richard,,Fenner,Noreen,A.
85883,Friends of Richard Green,PAC,Political Committee,5043 Seafoam Trail,,Lakewood Ranch,FL,34211,Manatee,9417309815,Green,Richard,Paul,Green,Elise,Anne
90611,Friends of Rick Erickson,PAC,Political Committee,1204 SE 12th Street,,Cape Coral,FL,33990,Lee,7065702077,Erickson,Richard,Rick,Hennessy,Timothy,M.
84326,Friends of Rick Singh,PAC,Political Committee,Post Office Box 1701,,Tallahassee,FL,32302,Leon,8505674878,Herron,Mark,,Herron,Mark,
89100,Friends of Rick Wilson,PAC,Political Committee,527 East Park Avenue,,Tallahassee,FL,32301,Leon,8504041000,Wilson,Rick,,Fenner,Noreen,A.
79960,Friends of Ricky Tsay,PAC,Political Committee,"2100 Salzedo Street, Suite 200",,Coral Gables,FL,33134,Leon,3054386528,Orriols,Jonathan,,Fiore,Anthony,
84127,Friends of Rico Smith,PAC,Political Committee,610 South Boulevard,,Tampa,FL,33606,Hillsborough,8132543369,Smith,Rico,,Watkins,Nancy,H
84156,Friends of Rishi Bagga,PAC,Political Committee,2800 South Adams Unit 5651,,Tallahassee,FL,32314,Leon,8506613941,Green,Shelby,,Green,Shelby,
83566,Friends of Rita Harris,PAC,Political Committee,Post Office Box 30265,,Fort Lauderdale,FL,33303,Broward,9547670300,Haber,Jason,H.,Blank,Jason,B.
83385,Friends of Robert Brackett,PAC,Political Committee,526 East Park Avenue,,Tallahassee,FL,32301,Leon,8505666203,Brackett,Robert,,Doster,Russell,
89753,Friends of Robert Prater,PAC,Political Committee,120 South Monroe Street,,Tallahassee,FL,32301,Leon,8507277087,Prater,Robert,,Ramba,David,E.
79278,Friends Of Robert Weinroth,PAC,Political Committee,610 S. Boulevard,,Tampa,FL,33606,Broward,8132543369,Weinroth,Robert,,Watkins,Nancy,H.
90054,Friends of Robin Lockett,PAC,Political Committee,201 South Monroe Street,4th Floor,Tallahassee,FL,32301,Leon,8507240605,Kato,Natalie,,Kato,Natalie,
83917,Friends of Robyn Hattaway,PAC,Political Committee,"1722 NW 80th Blvd, Suite 90",,Gainesville,FL,32606,Alachua,3522755004,Jones,William,S.,Jones,William,S.
83569,Friends of Rory Diamond,PAC,Political Committee,1722 Northwest 80th Boulevard,Suite 90,Gainesville,FL,32606,Alachua,3522755004,Jones,William,S,Jones,William,S
83758,Friends of Ryan Chamberlin,PAC,Political Committee,526 East Park Avenue,,Tallahassee,FL,32301,Leon,8505666203,Plappert,Stanley,W.,Doster,Russell,
89877,Friends of Sam Neelam,PAC,Political Committee,527 East Park Avenue,,Tallahassee,FL,32301,Leon,8504041000,Neelam,Sam,,Fenner,Noreen,
89045,Friends of Sammi,PAC,Political Committee,610 South Boulevard,,Tampa,FL,33606,Hillsborough,8132543369,Pierce,Ron,,Watkins,Nancy,H.
89324,Friends of Sandy Murman,PAC,Political Committee,2055 NW Diamond Creek Way,,Jensen Beach,FL,349574427,,7722618100,Murman,Sandy,,Millner,Debbie,
83613,Friends of Sara Baxter,PAC,Political Committee,527 East Park Avenue,,Tallahassee,FL,32301,Leon,8504041000,Baxter,Sara,,Fenner,Noreen,A.
84896,Friends of Sarah Stoeckel,PAC,Political Committee,2700 Mangrum Place,,Titusville,FL,32780,Brevard,3215439799,Stoeckel,Sarah,,Stoeckel,Sarah,
74365,Friends of Sarasota,PAC,Political Committee,133 South Harbor Drive,,Venice,FL,34285,Sarasota,9414887794,Robinson,Eric,,Robinson,Eric,
78844,Friends of Scott Plakon,PAC,Political Committee,1015 Tufton Cove,,Lake Mary,FL,32746,Seminole,4072218452,Plakon,Scott,,McMillan,Matthew,
84447,Friends of Scott Singer,PAC,Political Committee,Post Office Box 5172,,Lighthouse Point,FL,33074,Broward,5613277874,Cardenas,Carlos,,Cardenas,Carlos,
88452,Friends of Spencer Brass,PAC,Political Committee,527 East Park Avenue,,Tallahassee,FL,32301,Leon,8504041000,Brass,Spencer,,Fenner,Noreen,A.
73668,Friends of Spencer Roach,PAC,Political Committee,1375 Jackson Street,Suite 202,Fort Myers,FL,33901,Lee,2393364588,Roach,Spencer,,Fenner,Noreen,
80255,Friends of Stacy Hahn,PAC,Political Committee,610 South Boulevard,,Tampa,FL,33606,Hillsborough,8132543369,Hahn,Stacy,,Watkins,Nancy,H
89205,Friends of Steven Leskovich,PAC,Political Committee,306 East Olympia Avenue,,Punta Gorda,FL,33950,Charlotte,9416260672,Leskovich,Steven,,Robson,John,
84196,Friends of Suzy Lopez,PAC,Political Committee,610 South Bouelvard,,Tampa,FL,33606,Hillsborough,8132543369,Lopez,Susan,S,Watkins,Nancy,H
90816,Friends of Tammie McClafferty,PAC,Political Committee,527 East Park Avenue,,Tallahassee,FL,32301,Leon,8504041000,McClafferty,Tammie,,Noreen,Fenner,A
93203,Friends of Tampa,PAC,Political Committee,"701 S. Howard Avenue, #106-813",,Tampa,FL,33606,Hillsborough,8137330070,Papetti,Alma,,Brill,Jonathan,
74493,Friends of Tampa General Hospital,PAC,Political Committee,610 South Boulevard,,Tampa,FL,33606,Hillsborough,8132543369,Harris,Steve,,Watkins,Nancy,H.
84522,Friends of Teresa Mast,PAC,Political Committee,120 South Monroe Street,,Tallahassee,FL,32301,Leon,8507277087,Mast,Teresa,,Ramba,David,E
84386,Friends of the Bench,PAC,Political Committee,Post Office Box 20252,,Saint Petersburg,FL,33742,Pinellas,8133357472,Schaefer,Robert,,Jodoin,Jamie,C
74132,Friends of the Law,PAC,Political Committee,P.O. Box 680492,,Orlando,FL,32868,Orange,3214385308,Law Jr,Charles,,Joseph,Mayana,
84408,Friends of Tim Bobanic,PAC,Political Committee,120 South Monroe Street,,Tallahassee,FL,32301,Leon,8507277087,Bobanic,Tim,,Ramba,David,E
90948,Friends of Tom Carney,PAC,Political Committee,527 East Park Avenue,,Tallahassee,FL,32301,Leon,8504041000,Carney,Tom,,Fenner,Noreen,A
84976,Friends of Tom Leek,PAC,Political Committee,527 East Park Avenue,,Tallahassee,FL,32301,Leon,8504041000,Leek,Tom,,Fenner,Noreen,
89547,Friends of Tom Shadrach,PAC,Political Committee,5119 Manor Court,,Cape Caral,FL,33904,Lee,2397708944,Shadrach,Thomas,W,Hennessy,Timothy,M.
74126,Friends of Tom Wright,PAC,Political Committee,527 East Park Avenue,,Tallahassee,FL,32301,Leon,8504041000,Wright,Tom,,Fenner,Noreen,A.
89667,Friends of Tony Beougher,PAC,Political Committee,1375 Jackson Street,Suite 202,Fort Myers,FL,33901,Lee,8504041000,Beougher,Tony,,Fenner,Noreen,A.
79753,Friends of Traci Koster,PAC,Political Committee,16004 Shinnecock Drice,,Odessa,FL,33556,Hillsborough,8135230326,Koster,Traci,,White,Wendy,
93181,Friends of Trish Petrosky,PAC,Political Committee,"1375 Jackson Street, Suite 202",,Ft. Myers,FL,33901,Lee,2399802224,Petrosky,Trish,,Fenner,Noreen,
85882,Friends of Vanessa Oliver,PAC,Political Committee,527 East Park Avenue,,Tallahassee,FL,32301,Hillsborough,8504041000,Oliver,Vanessa,,Fenner,Noreen,A.
91292,Friends of Waldron,PAC,Political Committee,Post Office Box 30295,,Fort Lauderdale,FL,33303,Broward,9547670300,Waldron,Katherine,,Blank,Jason,B.
89384,Friends of Wayne Ivey,PAC,Political Committee,1722 Northwest 80th Boulevard,Suite 90,Gainesville,FL,32606,Alachua,3522755004,Jones,William,S.,Jones,Williams,S.
79644,Friends of Wilton Simpson,PAC,Political Committee,527 East Park Avenue,,Tallahassee,FL,32301,Leon,8504041000,Simpson,Wilton,,Fenner,Noreen,A.
89219,Friends of Yoni Anijar,PAC,Political Committee,526 East Park Avenue,,Tallahassee,FL,32301,Leon,8502228156,Anijar,Yoni,,Doster,Russell,
84272,Friends of Yvette Benarroch,PAC,Political Committee,1722 NW 80th Boulevard,Suite 90,Gainesville,FL,32606,Alachua,3522755004,Jones,William,S,Jones,William,S
89747,Frontline Florida,PAC,Political Committee,1722 NW 80th Boulevard,Suite 90,Gainesville,FL,32606,Alachua,3522755004,Jones,William,S.,Jones,William,S.
60744,"FSAA, PC",PAC,Political Committee,PO Box 11247,,Tallahassee,FL,32302,Leon,8504254000,Brooks,Matthew,,Brooks,Matthew,
60850,"FTA PAC, Inc.",PAC,Political Committee,350 East College Avenue,,Tallahassee,FL,32301,Leon,8502229900,Davis,James,A.,Miller,Alix,
60672,FTBA Transportation PAC,PAC,Political Committee,1007 DeSoto Park Drive,,Tallahassee,FL,32301,Leon,8509421404,Hurtado,Dan,L,Watkins,Nancy,H.
88625,Fund for Public Education,PAC,Political Committee,722 Mabbette Street,,Kissimmee,FL,34741,Osceola,4077443840,Moody,Janet,,Gorentz,Emily,
88644,Future 4 Miami,PAC,Political Committee,4914 SW 72 Avenue,,Miami,FL,33155,Miami-Dade,3054450777,Cabrera,Rafael,,Riesco Miranda,Jeannine,
74437,Future Florida,PAC,Political Committee,527 East Park Avenue,,Tallahassee,FL,32301,Pasco,8504041000,Simpson,Wilton,,Fenner,Noreen,
74633,FWB Watch Group,PAC,Political Committee,527 East Park Avenue,,Tallahassee,FL,32301,Okaloosa,8502189500,Smith,Robert,,Smith,Robert,
83570,Gables United,PAC,Political Committee,4914 SW 72 Avenue,,Miami,FL,33155,Miami-Dade,3054450777,Borron,Jorge,,Riesco,Jose,A.
89462,"genCLEO Political Committee, Inc.",PAC,Political Committee,2937 Southwest 27th Avenue,Suite 301,Miami,FL,33133,Miami-Dade,3055735251,Maguire,Raymer,F.,Maggiolo,Gloria,
88607,Generation Front Line,PAC,Political Committee,121 Schooner Key Place Drive,,Jacksonville,FL,32218,Duval,9046992066,Daniels,Kimberly,,Jodoin,Jamie,C.
83741,Getting it Done for Florida,PAC,Political Committee,2055 NW Diamond Creek Way,,Jensen Beach,FL,34957,Martin,7722618100,Garcia,Ileana,,Millner,Debbie,
70401,Getting Things Done PC,PAC,Political Committee,Post Office Box 30295,,Fort Lauderdale,FL,33303,Broward,9547670300,Blank,Jason,B.,Blank,Jason,B.
61057,GM Citizens for a Better Florida,PAC,Political Committee,Trade Centre South,"100 W. Cypress Creek Rd., #700",Fort Lauderdale,FL,33309,Broward,9544911120,Greenspoon,Gerald,,Cohen,Linda,
61055,GM Citizens for a Smarter Florida,PAC,Political Committee,Trade Centre South,"100 W. Cypress Creek Rd., #700",Fort Lauderdale,FL,33309,Broward,9544911120,Greenspoon,Gerald,,Cohen,Linda,
61058,GM Trial Lawyers for a Better and Smarter Florida,PAC,Political Committee,Trade Centre South,"100 W. Cypress Creek Rd., #700",Fort Lauderdale,FL,33309,Broward,9544911120,Greenspoon,Gerald,,Cohen,Linda,
60502,GOBA PAC,PAC,Political Committee,1953 Clayton Heritage Way,,Maitland,FL,32751,Orange,4076299242,Bradick,Raymond,,Delaney,Michelle,
55451,Golden Triangle Democratic Club Political Committee,PAC,Political Committee,35624 Cypress Ct,,Leesburg,FL,34788,Lake,9542541000,Hurlbert,Nancy,,Rodriguez,Jason,Emilio
89410,Good Governing,PAC,Political Committee,Post Office Box 1701,,Tallahassee,FL,323021701,Leon,8505674878,Ryan,A.J.,,Herron,Mark,
89702,Good Government For Coral Gables PC,PAC,Political Committee,4914 Southwest 72 Avenue,,Miami,FL,33155,Miami-Dade,3054450777,Diaz,Raul,,Riesco,Jeannine,Miranda
70158,Good Ideas for Government Political Committee,PAC,Political Committee,Post Office Box 13010,,Pensacola,FL,325913010,Escambia,8504349200,Hayward III,Ashton,,Gund,Charles,F.
78982,"Goodwyn, Mills & Cawood Florida PAC",PAC,Political Committee,Attn: Angela Milller,"2660 E. Chase Lane, Suite 200",Montgomery,AL,36117,Leon,3342713200,Wieczorek,Kelly,,Norman-Webb,Julian,P.A.
67333,Governing Responsibly to Achieve a New Tomorrow,PAC,Political Committee,133 South Harbor Drive,,Venice,FL,34285,Sarasota,9412006551,Robinson,Eric,,Robinson,Eric,
70076,Government Gone Wild PAC,PAC,Political Committee,610 South Boulevard,,Tampa,FL,33606,Hillsborough,8132543369,Ingoglia,Blaise,,Watkins,Nancy,H.
89834,"GrayRobinson Employees for a Better Florida, Inc.",PAC,Political Committee,301 East Pine Street,Suite 1400,Orlando,FL,32801,Orange,4078438880,Stuart,Robert,,Unger,Jason,
64397,"GrayRobinson, P.A., Florida Political Action Committee",PAC,Political Committee,Post Office Box 3068,,Orlando,FL,32802,Orange,4078438880,Stuart,Robert,,Joseph,Bryan,
74841,Greater Florida Foundation,PAC,Political Committee,"115 East Park Avenue, Suite 1",,Tallahassee,FL,32301,Leon,3522755004,Jones,William,S.,Jones,William,S.
60857,Greater Florida Leadership Group PC,PAC,Political Committee,120 South Monroe Street,,Tallahassee,FL,32301,Leon,8507277087,Ramba,David,E.,Ramba,David,E.
61083,"Greater Pinellas Democratic Club PC, Inc.",PAC,Political Committee,1119 Huntington Lane,,Safety Harbor,FL,34695,Pinellas,7277967981,Hadburg,Bruce,,Quinn,Janelle,
64702,Greater Tarpon Springs Justice League,PAC,Political Committee,606 Cypress Street,,Tarpon,FL,34689,Pinellas,7275053440,Snow,Jonathan,Michael,Connolly,Christine,
89111,Ground Game PAC,PAC,Political Committee,"253 Tamiami Trail S, Ste 14",,Nokomis,FL,342753136,Sarasota,9413227225,Doraisamy,Malchiel,,Butler,John,
79989,Grow Florida's Future,PAC,Political Committee,2640A Mitcham Drive,,Tallahassee,FL,32308,Leon,8508771099,Johnson,Jeffrey,,Heitmeyer,Rich,
84688,Grow Smart Florida,PAC,Political Committee,201 South Monroe Street,4th Floor,Tallahassee,FL,32301,Leon,8507240605,Kato,Natalie,,Kato,Natalie,
78870,Grow Tallahassee PC,PAC,Political Committee,527 East Park Avenue,,Tallahassee,FL,32301,Leon,8506929210,Demirel,Bugra,,Demirel,Burga,
79572,Growing A Safer Florida,PAC,Political Committee,Post Office Box 30265,,Fort Lauderdale,FL,33303,Broward,9547670300,McKinlay,Melissa,,Jodoin,Jamie,C.
73749,Growing Florida's Economy,PAC,Political Committee,"115 East Park Avenue, Suite 1",,Tallahassee,FL,32301,Leon,3522755004,Jones,William,S.,Jones,William,S.
79296,Growing Florida's Leadership,PAC,Political Committee,2055 NW Diamond Creek Way,,Jensen Beach,FL,34957,Martin,7722618100,Truenow,Keith,,Millner,Michael,
89532,Guardians of Freedom,PAC,Political Committee,2055 NW Diamond Creek Way,,Jensen Beach,FL,34957,Martin,7722618100,Palma,Armando,,Millner,Michael,
60605,Gulf Coast Builders Exchange PC,PAC,Political Committee,120 South Monroe Street,,Tallahassee,FL,32301,Leon,8507277087,Swift,Jason,,Ramba,David,E.
69421,Gulf Coast Conservatives,PAC,Political Committee,133 South Harbor Drive,,Venice,FL,34285,Sarasota,9414887794,Robinson,Eric,,Robinson,Eric,
65083,Gulf Coast Data,PAC,Political Committee,527 East Park Avenue,,Tallahassee,FL,32301,Leon,8504041000,Fearington,Mercer,,Fenner,Noreen,A.
2304,"Gunster PAC, Inc.",PAC,Political Committee,777 South Flagler Drive,Suite 500 East,West Palm Beach,FL,334016194,Palm Beach,5616500603,Crowley,James,,Snowden,David,
90152,Happy Warrior PAC,PAC,Political Committee,Post Office Box 1701,,Tallahassee,FL,323021701,Leon,8505674878,Herron,Mark,,Herron,Mark,
60906,HCA East Florida Division Good Government PAC,PAC,Political Committee,414 E. Bloxham Street,Suite 502,Tallahassee,FL,32301,Leon,8505232180,Gressle,Charles,,Read,Richard,
60907,HCA North Florida Division Good Government PAC,PAC,Political Committee,414 E. Bloxham Street,Suite 502,Tallahassee,FL,32301,Leon,8505232178,Cook,Brian,,Whitmore,Stewart,
60905,HCA West Florida Division Good Government PAC,PAC,Political Committee,414 E. Bloxham Street,Suite 502,Tallahassee,FL,32301,Hillsborough,8505232178,Sims,Jyric,,Baker,Phil,
88736,Heal Our Nation,PAC,Political Committee,1081 Northeast 175 Street,,North Miami Beach,FL,33162,Miami-Dade,3059921348,Hellinger,Hillel,,Hellinger,Yosef,Yitzchock
79496,Healthcare Heroes Committee,PAC,Political Committee,610 South Boulevard,,Tampa,FL,33606,Hillsborough,8132543369,Levine,Brad,,Watkins,Nancy,H.
89141,Healthier Florida,PAC,Political Committee,Post Office Box 20252,,St. Petersburg,FL,33742,Pinellas,8133357472,Holbrook,John,,Jodoin,Jamie,C.
83568,Healthy First Coast,PAC,Political Committee,527 East Park Avenue,,Tallahassee,FL,32301,Leon,8504041000,Baskind,Garrett,,Fenner,Noreen,A
74492,Heartland Prosperity,PAC,Political Committee,P. O. Box 20252,,St. Petersburg,FL,33742,Pinellas,8133357472,Tuck,Andy,,Jodoin,Jamie,C.
69996,Heavens to Oceans (H2O),PAC,Political Committee,527 East Park Avenue,,Tallahassee,FL,32301,Leon,8504041000,Overdorf,Toby,,Fenner,Noreen,A.
83578,Help Out Public Education,PAC,Political Committee,2016 E Jefferson St.,,Orlando,FL,32803,Orange,7573109469,Hottenstein,Scott,,Hottenstein,Scott,
84382,Helping Florida Families Flourish,PAC,Political Committee,5571 Longspur Avenue North,,Jacksonville,FL,32219,Duval,2027635530,Brown,Yolanda,,Brown,Yolanda,
70068,Helping You,PAC,Political Committee,610 South Boulevard,,Tampa,FL,33606,Hillsborough,8132543369,Lopez-Cantera,Carlos,,Watkins,Nancy,H.
83463,Her Bold Move Action - Florida,PAC,Political Committee,"One Park Row, 5th Floor",,Providence,RI,2903,,2487220802,Zaslow,Jordan,,Zaslow,Jordan,
60783,Hernando Classroom Teachers Association Advocacy Fund,PAC,Political Committee,"2801 SW College Rd, Suite 14",,Ocala,FL,34474,Hernando,3523979276,Masserio,Lisa,,Greenwood,Patricia,
74321,Heroes in Politics,PAC,Political Committee,2801 Tuxedo Avenue,,West Palm Beach,FL,33405,Palm Beach,5614449855,French,Jayson,,Rosales,Norwing,
79596,Hey Florida,PAC,Political Committee,2785 Golf Lake Drive,,Plant City,FL,33566,Hillsborough,8136382261,Townsend,Leatrice,,Daley,Anne,
89099,Hialeah Firefighters PAC,PAC,Political Committee,752 East 1st Avenue,,Hialeah,FL,33010,Miami-Dade,3059708820,Johnson,Eric,,Smith,Randy,
89289,Hillsborough All Together,PAC,Political Committee,701 South Howard Avenue,#106-813,Tampa,FL,33606,Hillsborough,8137330070,Farris,Bryan,,Brill,Jonathan,
2706,Hillsborough County Agricultural PAC,PAC,Political Committee,305 S. Wheeler St.,,Plant City,FL,33563,Hillsborough,8136859121,Carlton Jr.,Dennis,,Poppell,Kaylee,
61036,Hillsborough CTA - PAC,PAC,Political Committee,3102 N. Habana Avenue,,Tampa,FL,33607,Hillsborough,8137253093,Chuchman,Valerie,,Kriete,Robert,
61247,Hillsborough Fire Action Committee,PAC,Political Committee,5425 N. 59th Street,,Tampa,FL,33610,Hillsborough,8133993572,Pearson,James,,Barreneche,Edgar,
78956,Hillsborough Leadership Council,PAC,Political Committee,610 South Boulevard,,Tampa,FL,33606,Hillsborough,8132543369,Mai,Hung,,Watkins,Nancy,H.
60509,Hillsborough Political Action Committee,PAC,Political Committee,3001 West Azeele Street,,Tampa,FL,33609,Hillsborough,8132530471,Cromer,Michael,,Caraballo,Damian,
88567,Hillsborough Students Deserve Better,PAC,Political Committee,Post Office Box 4029,,Tampa,FL,33677,Hillsborough,8135537358,Lyons,Ellen,,Warrener,Richard,C.
76203,Hillsborough Together,PAC,Political Committee,701 S. Howard Avenue,#106-813,Tampa,FL,33606,Hillsborough,8137856335,Weissman,Rande,,Thomas,Jed,
80795,Hindu American PAC of Florida,PAC,Political Committee,12301 Southwest  1st Street,,Plantation,FL,33325,Broward,9544489056,Reddy,Shekar,,Verma,Rajesh,
74981,Hispanic Political Action Committee (HISPAC),PAC,Political Committee,4201 Westgate Avenue,Suite A7,West Palm Beach,FL,33409,Palm Beach,5613288450,Roman,Samuel,,Arroyo,Santos,
89507,Hispanic Vote Florida PAC,PAC,Political Committee,527 East Park Avenue,,Tallahassee,FL,32301,Leon,8504041000,Garrido,Jorge,,Fenner,Noreen,
74851,Hispanic Vote of Broward County,PAC,Political Committee,7751 Southampton Terrace,H403,Tamarac,FL,33321,Broward,9542348447,Erazo,Liza,,Erazo,Liza,
74574,Hispanic Vote of Palm Beach County,PAC,Political Committee,527 East Park Avenue,,Talahassee,FL,32301,Miami-Dade,8504041000,Garrido,Jorge,C.,Fenner,Noreen,A
79661,Holding Builders Accountable,PAC,Political Committee,606 East Madison Street,Second Floor,Tampa,FL,33602,Hillsborough,8137330070,Thomas,John,E.,Brill,Jonathan,
84420,Holding Developers Accountable,PAC,Political Committee,1722 Northwest 80th Boulevard,Suite 90,Gainesville,FL,32606,Alachua,3522755004,Jones,William,S,Jones,William,S.
60578,Holland & Knight Florida Political Committee,PAC,Political Committee,315 South Calhoun Street,Suite 600,Tallahassee,FL,32301,Leon,8502247000,Curtin,Lawrence,N.,Case,Kimberly,A.
60864,Home Care Political Action Committee,PAC,Political Committee,817 N Gadsden St,,Tallahassee,FL,32303,Leon,8502228967,Bellville,Denise,,Smith,Monica,
88885,Home Grown PAC,PAC,Political Committee,527 East Park Avenue,,Tallahassee,FL,32301,Leon,8504041000,Simpson,Wilton,,Fenner,Noreen,A.
71731,Homegrown Values,PAC,Political Committee,"115 East Park Avenue, Suite 1",,Tallahassee,FL,32301,Leon,3522755004,Jones,William,S.,Jones,William,S.
74347,Honest Leadership,PAC,Political Committee,527 East Park Avenue,,Tallahassee,FL,32301,Leon,8504041000,Garrison,Sam,,Fenner,Noreen,A.
84632,Honesty & Integrity for Brevard,PAC,Political Committee,527 East Park Avenue,,Tallahassee,FL,32301,Leon,8504041000,Thomas,Michael,,Fenner,Noreen,A.
65160,Hope for the Future,PAC,Political Committee,5770 Whirlaway Road,,Palm Beach Gardens,FL,33418,St. Lucie,9042061604,Connors,M.,Jordan,Connors,M.,Jordan
83502,House Victory PC,PAC,Political Committee,Post Office Box 1701,,Tallahassee,FL,32302,Leon,8505674878,Herron,Mark,,Herron,Mark,
79347,Housing for Hometown Heroes,PAC,Political Committee,7025 Augusta National Drive,,Orlando,FL,32822,Orange,4074381400,Grant,Margaret,,Garrison,David,
79662,How We All Win,PAC,Political Committee,701 South Howard Avenue,#106-813,Tampa,FL,33606,Hillsborough,8137330070,Harden,Kristin,,Brill,Jonathan,
74689,Humane World Action Fund of Florida Political Action Committee,PAC,Political Committee,1255 23rd Street Northwest,Suite 455,Washington,DC,20037,Marion,2026762325,Pyle,Brad,,Guzowski,Lauren,
89190,Hyatt for Florida,PAC,Political Committee,527 East Park Avenue,,Tallahassee,FL,32301,Leon,8504041000,Hyatt,Marcus,,Fenner,Noreen,A.
60504,IBEW Local 606 PAC,PAC,Political Committee,820 Virginia Drive,,Orlando,FL,32803,Orange,4078967271,Rivera,Diego,,Peterson,Scott,M.
60634,IBEW Local Union 756 Political Action Committee,PAC,Political Committee,5901 S. Williamson Blvd.,,Port Orange,FL,32128,Volusia,3867562756,Porter,Bryan,S.,Nelson,Matthew,S.
60722,IBEW Local Union 759 Political Committee,PAC,Political Committee,301 Northeast 1 Street,,Pompano Beach,FL,33060,Broward,9546462046,Haynick,Timothy,J.,Brucker,Timothy,
60600,IBEW Local Union No. 108 PAC Fund,PAC,Political Committee,10108 U.S. Highway 92 East,,Tampa,FL,33610,Hillsborough,8136212418,Parsels,Christopher,E.,Trice,Troy,
60833,IEC Power PAC,PAC,Political Committee,3020 South Florida Avenue,Suite 205,Lakeland,FL,33803,Polk,8636833900,White,Tim,,Shepp,David,A.
60715,IMPACT,PAC,Political Committee,Post Office Box 12001,,Tallahassee,FL,32317,Leon,8508934155,Clein,Steve,,Pearce,Laura,
73717,Impact Florida,PAC,Political Committee,37 North Orange Avenue,Suite 500,Orlando,FL,32801,Orange,8137286331,Mitchell,Christopher,,Mitchell,Christopher,
89192,Impact Martin PAC,PAC,Political Committee,2244 Southwest Spoonbill Drive,,Palm City,FL,34990,Broward,8137896456,Swartz,Samuel,,,,
83825,Imperial PAC,PAC,Political Committee,Post Office Box 2214,,Winter Haven,FL,33883,Polk,8632580211,Davis,Chad,,McMillan,Matthew,
84740,Important Work,PAC,Political Committee,Post Office Box 1152,,St. Petersburg,FL,33731,Pinellas,8133357472,Nowicki,Vince,,Jodoin,Jamie,C.
60904,"Independent Funeral Directors of Florida, Inc. PC (IFDF-PAC), Lamar Danielson Memorial Fund",PAC,Political Committee,Post Office Box 10969,,Tallahassee,FL,323022969,Leon,8502220198,Mixon,M.,Juhan,Mixon,Anna,Corinne
61522,Indian River Fire PAC,PAC,Political Committee,120 South Monroe Street,,Tallahassee,FL,32301,Leon,8507277087,Calloway,Jamie,,Ramba,David,E.
89297,Innovate Tampa,PAC,Political Committee,3420 South Dale Mabry Hwy,Unit S,Tampa,FL,33629,Hillsborough,8133443241,Hartfield,Gary,,Green,Shelby,
60781,Insuring Florida's Future,PAC,Political Committee,215 South Monroe Street,Suite 835,Tallahassee,FL,32301,Leon,8505977425,Hermanson,Carly,A.,Carlson,Michael,
84131,Integrity Counts,PAC,Political Committee,Post Office Box 2303,,Lutz,FL,33548,Hillsborough,8135860825,Salloum,Alison,,Latimer,Sharon,
89330,Integrity For Broward,PAC,Political Committee,Post Office Box 30295,,Fort Lauderdale,FL,33303,Broward,9547670300,McDermott,Ann,,Blank,Jason,B.
89284,Integrity in Action PAC,PAC,Political Committee,2800 South Adams Street,Unit 5651,Tallahassee,FL,32314,Leon,8506613941,Green,Shelby,,Green,Shelby,
89241,Integrity in Governance,PAC,Political Committee,527 East Park Avenue,,Tallahassee,FL,32301,Leon,8504041000,Cabrera,Jose,,Fenner,Noreen,
73664,Integrity in Leadership,PAC,Political Committee,527 East Park Avenue,,Tallahassee,FL,32301,Leon,8504041000,Jennings,Todd,,Fenner,Noreen,A.
90685,Integrity In Public Service,PAC,Political Committee,4914 SW 72 Avenue,,Miami,FL,33155,Miami-Dade,3054450777,Dominguez,Alexis,,Miranda,Jeannine,Riesco
60690,International Union of Operating Engineers Local 925 PAC Fund,PAC,Political Committee,5621 Harney Rd.,,TAMPA,FL,33610,Hillsborough,8136264161,Schaunaman,Mark,,Junecko,James,
83751,Investing in Florida's Future Now,PAC,Political Committee,"4522 W Village Drive, #655",,Tampa,FL,33624,Hillsborough,8135230326,Stewart,Amanda,,White,Wendy,
61026,IRC Medical PAC,PAC,Political Committee,Post Office Box 573,,Vero Beach,FL,32961,Indian River,7725620123,Rosato,Ralph,,Livingston,Jeffrey,
60567,Iron Workers Local 397 Political Action Fund,PAC,Political Committee,Post Office Box 18,,Mango,FL,33550,Polk,8136231515,Phelps,Travis,A.,Barber,Kevin,M.
38203,Ironworkers Local 402 PAC,PAC,Political Committee,1001 West 15th Street,,Riviera Beach,FL,334040000,Palm Beach,5618427651,Bailey,Jeffrey,,Kauffmann Jr,Michael,
60525,Ironworkers Local Union 808 PAC,PAC,Political Committee,200 East Landstreet Road,,Orlando,FL,32824,Orange,4078599366,Songer,Samuel,,Knost,Robert,E.
60844,Island Coast Educational PAC,PAC,Political Committee,6830 International Center Blvd,,Fort Myers,FL,33912,Lee,2392758252,Daly,Kevin,,Fox,Charla,
89477,Island Panache Committee,PAC,Political Committee,610 South Boulevard,,Tampa,FL,33606,Hillsborough,8132543369,Briggs,Edward,,Watkins,Nancy,H.
69723,It's Your Money PAC,PAC,Political Committee,2640-A Mitcham Drive,,Tallahassee,FL,323085400,Leon,8508771099,Matthews,Ivory,,Dupree,Abby,
42832,Jackson Nurses and HC Professionals PC,PAC,Political Committee,1601 NW 8th Avenue,,Miami,FL,33136,Miami-Dade,3056206555,Baker,Martha,,Bush,Lisa,
64373,Jacksonville Association of Fire Fighters Political Committee,PAC,Political Committee,625 Stockton Street,,Jacksonville,FL,322043021,Duval,9043841011,Wyse,Randall,W.,Croft Jr.,James,P.
78852,Jacksonville NOW Political Committee,PAC,Political Committee,1985 Brista De Mar Circle,,Atlantic Beach,FL,32233,Nassau,9049100714,Sheklin,Judy,,Nord,Roberta,Bobbie
93182,Jacksonville Together,PAC,Political Committee,8332 Riding Club Road,,Jacksonville,FL,32256,Duval,9046991838,Sieron,Robyn,,Shelton,William,
79933,Jacksonville Young Democrats,PAC,Political Committee,6504 Todd Road,,Jacksonville,FL,32216,Duval,9044691598,Hunter,Elizabeth,,Gabriel,Keith,
83354,Jax Deserves Better,PAC,Political Committee,5683-2 Solomon Rd.,,Jacksonville,FL,32234,Duval,9042399353,Belet,Austin,,Belet,Austin,
73846,JAX Good Government,PAC,Political Committee,1722 Northwest 80th Boulevard,Suite 90,Gainesville,FL,32606,Duval,3522755004,Jones,William,S,Jones,William,S
89428,Jax Leadership Matters,PAC,Political Committee,Post Office Box 1701,,Tallahassee,FL,32302,Leon,8505674878,Herron,Mark,,Herron,Mark,
79718,JAX PAC,PAC,Political Committee,610 South Boulevard,,Tampa,FL,33606,Hillsborough,8132543369,Brown,Bennett,,Watkins,Nancy,H
60995,JaxBiz,PAC,Political Committee,3 Independent Drive,,Jacksonville,FL,32202,Duval,9043666660,Grey,Dane,,Burr,Edward,
89321,Jayden For Florida,PAC,Political Committee,Post Office Box 551387,11528 W. State Road 84,Davie,FL,33325,Broward,5616020406,D'Onofrio,Jayden,,Hoffman,Tyler,
93215,JC Florida,PAC,Political Committee,"1334 Timberlane Road, Suite 15",,Tallahassee,FL,32312,Leon,8134177025,Brothers,Riley,,Brothers,Riley,
89194,JET PAC,PAC,Political Committee,Post Office Box 272123,,Boca Raton,FL,33427,Palm Beach,3236754223,Calabrese,Curtis,,Garber,Lindsey,
93217,Jewish Floridians for a Greater Israel,PAC,Political Committee,"1334 Timberlane Road, Suite 15",,Tallahassee,FL,32312,Leon,8134177025,Brothers,Riley,,Brothers,Riley,
61015,Jobs and Prosperity for Florida,PAC,Political Committee,4914 SW 72 Avenue,,Miami,FL,33155,Miami-Dade,3059298500,Nunez,Jeanette,,Riesco,Jose,A.
85105,Jobs for Rural Florida,PAC,Political Committee,527 East Park Avenue,,Tallahassee,FL,32301,Leon,8502120226,Grimsley,Denise,,Fenner,Noreen,A.
78949,John Snyder for Florida,PAC,Political Committee,527 East Park Avenue,,Tallahassee,FL,32301,Leon,8504041000,Snyder,John,,Fenner,Noreen,A.
80812,"Join Us For A Better Florida, PC",PAC,Political Committee,511 SE 5th Ave #2219,,Fort Lauderdale,FL,33301,Miami-Dade,6463737934,Nelson,Sue,,Perez,Daniel,
74895,Just the Facts PAC,PAC,Political Committee,527 East Park Avenue,,Tallahassee,FL,32301,Leon,8504041000,Miller,Terry,,Fenner,Noreen,A.
60770,Justice for All,PAC,Political Committee,610 South Boulevard,,Tampa,FL,33606,Hillsborough,8132543369,Wakefield,John,,Watkins,Nancy,
89493,Justice Guardians,PAC,Political Committee,133 Harbor Dr S,,Venice,FL,34285,Leon,9414887794,Raheb,Michael,,Robinson,Eric,
83982,Keep Clay An A,PAC,Political Committee,1722 Northwest 80th Blvd,Suite 90,Gainesville,FL,32606,Alachua,3522755004,Jones,William,S,Jones,William,S
89516,Keep Florida Free,PAC,Political Committee,527 East Park Avenue,,Tallahassee,FL,32301,Leon,8504041000,Piccolo,Tom,,Fenner,Noreen,
83591,Keep Florida Free PC,PAC,Political Committee,2640-A Mitcham Drive,,Tallahassee,FL,32308,Leon,8508771099,Penrod,Peter,,Heitmeyer,Rich,
84335,Keep Florida Great,PAC,Political Committee,115 East Park Avenue,Suite 1,Tallahassee,FL,32301,Leon,3522755004,Jones,William,S.,Jones,William,S.
74129,Keep Florida Moving Forward,PAC,Political Committee,"115 East Park Avenue, Suite 1",,Tallahassee,FL,32301,Leon,3522755004,Jones,William,S.,Jones,William,S.
89021,Keep Florida Red,PAC,Political Committee,Post Office Box 8576,,Port St. Lucie,FL,34985,St. Lucie,7727663010,Roscoe,Laura,,Jodoin,Jamie,C.
89373,Keep Florida Strong PC,PAC,Political Committee,610 S. Boulevard,,Tampa,FL,33606,Hillsborough,8132543369,Collins,Jay,,Watkins,Nancy,H.
83707,Keep Florida Winning,PAC,Political Committee,133 Harbor Drive South,,Venice,FL,34285,Sarasota,9044887794,DePriest,Jennings,,Robinson,Eric,
88679,Keep Our City Beautiful,PAC,Political Committee,Post Office Box 30295,,Fort Lauderdale,FL,33303,Broward,9547670300,Cheshire,Shayne,,Blank,Jason,B.
91210,Keep Sarasota Sarasota,PAC,Political Committee,4900 Brywill Circle,,Sarasota,FL,34234,Sarasota,9419930189,Morriss,David,,Morriss,David,
84243,Keep Students First Florida,PAC,Political Committee,113 East College Avenue,Suite #203,Tallahassee,FL,32301,Broward,8507240605,Zeman,Allen,,Kato,Natalie,
69966,"Keeping Florida Affordable, PC",PAC,Political Committee,2640-A Mitcham Drive,,Tallahassee,FL,323080000,Leon,8508771099,Money,Kris,,Dupree,Abby,
89419,Keeping Floridians Progressing,PAC,Political Committee,8983 Okeechobee Boulevard,Suite 202,West Palm Beach,FL,33411,Palm Beach,5616146394,Williams,Calvin,,Williams,Calvin,
74275,Keeping Orange County Safe,PAC,Political Committee,Post Office Box 1701,,Tallahassee,FL,32302,Leon,8505674878,Herron,Mark,,Herron,Mark,
64564,Kendall Federation Political Action Committee,PAC,Political Committee,12930 SW128 Street #101,,Miami,FL,33186,Miami-Dade,7862490312,Stein,Marvin,P.,Moss,Miles,
89056,Keys Common Sense Conservatives,PAC,Political Committee,91645 Overseas Highway,,Tavernier,FL,33070,Monroe,3057470395,Cranney-Black,Jill,,Madok,Kevin,
64190,Kid PAC,PAC,Political Committee,1902 SW 27th Street,,Ocala,FL,34471,Orange,3522085417,Kelly,Sarah,,Kelly,Sarah,
90511,Knight Fights for Sarasota County,PAC,Political Committee,527 East Park Avenue,,Tallahassee,FL,32301,Leon,8504041000,Knight,Tom,,Fenner,Noreen,
88943,Knowledge is Power,PAC,Political Committee,P.O. Box 11192,,Tallahassee,FL,32302,Leon,8505666203,Doster,Russell,,Doster,Russell,
88707,L & C Coalition,PAC,Political Committee,1317 Soundview Trail,,Gulf Breeze,FL,32561,Santa Rosa,8502070494,Burke,Patricia,A,Burke,Patricia,A
65367,Laborers 517 Political League,PAC,Political Committee,580 Irene Street,,Orlando,FL,32805,Orange,4072994000,Caldwell,Raymond,,Ross,William,
52113,Laborers Local 1652 Political Fund,PAC,Political Committee,2020 Northwest 32 Street,,Pompano Beach,FL,33064,Broward,9549757600,Loupe,Harold,,Rolle,Andrei,
79363,Lake County Conservatives,PAC,Political Committee,"115 East Park Avenue, Suite 1",,Tallahassee,FL,32301,Leon,8508771099,Yarkosky,Taylor,,Heitmeyer,Rich,
60750,Lake County Education Association PC,PAC,Political Committee,1713 South Street,,Leesburg,FL,34748,Lake,3527872050,Emery,Elisabeth,,Baltunis,Sarah,
84546,Lake Ocklawaha and Wetlands Environmental Stewardship PAC,PAC,Political Committee,527 East Park Avenue,,Tallahassee,FL,32301,Leon,8502120226,Harvey,Larry,,Fenner,Noreen,A.
69604,Lakeland First,PAC,Political Committee,527 East Park Avenue,,Tallahassee,FL,32301,Leon,8504041000,Harrell III,Jack,,Fenner,Noreen,A.
64275,Largo/Mid-Pinellas Progressive Political Committee,PAC,Political Committee,223 Island Way,#4B,Clearwater Beach,FL,33767,Pinellas,3134432587,Dennis,Donna,,Janis,Sharon,
88680,Latinas Against Domestic Violence,PAC,Political Committee,Post Office Box 700312,,St. Cloud,FL,34770,Osceola,4076247811,Casiano-Gomes,Madelin,,Casiano-Gomes,Madelin,
64987,Latino Rising,PAC,Political Committee,P.O. Box 30265,,Ft. Lauderdale,FL,33303,Leon,9547670300,Blank,Jason,,Blank,Jason,B.
73897,Latino Victory Fund,PAC,Political Committee,700 14th Street Northwest,2nd Floor,Washington,DC,20005,,2028301684,Macias,Mayra,,Gonzalez,Maria,R.
73993,Launching Florida's Future,PAC,Political Committee,120 South Monroe Street,,Tallahassee,FL,32301,Leon,8507277087,Sirois,Tyler,,Ramba,David,E.
84121,"Law, Order, Justice and Integrity",PAC,Political Committee,11120 North Kendall Drive,Suite 200,Miami,FL,33176,Miami-Dade,3052738008,Cueto,Veronika,,Puente,Justin,
89286,Lead Forward PAC,PAC,Political Committee,527 East Park Avenue,,Tallahassee,FL,32301,Leon,8504041000,Alonso,Roberto,,Fenner,Noreen,A
89183,Leaders Born for Democracy,PAC,Political Committee,3551 South Blair Stone Road,Suite 105 #50,Tallahassee,FL,32301,Leon,4485005958,Wilson,Nicholas,,Wilson,Nicholas,
74100,Leaders for a Better Florida,PAC,Political Committee,P.O. Box 10205,,Tallahassee,FL,32302,Leon,8504430243,Stone,Charlie,,Zubaly,Mark,
84414,Leaders of Tomorrow,PAC,Political Committee,4914 SW 72 Avenue,,Miami,FL,33155,Miami-Dade,3054450777,Fraga,Christine,,Riesco,Jose,A.
88602,Leaders We Deserve - Florida,PAC,Political Committee,611 Pennsylvania Avenue SE,Suite #192,Washington,DC,20003,Orange,2023501420,Hogg,David,,Hall,Laurie,Van
90208,Leaders Who Deliver,PAC,Political Committee,2401 Drake Drive,,Orlando,FL,32810,Orange,3216895871,Hodge,Wesley,,Hodge,Wesley,
89202,Leadership and Success Florida,PAC,Political Committee,6165 NW 114th Court  #114,,Doral,FL,33178,Miami-Dade,3053021816,Campos,Carlos,,Sosa,Arlette,
90587,Leadership for a Secure Future,PAC,Political Committee,Post Office Box 122,,Tallahassee,FL,32302,Leon,2026558400,Flores,Juan,C.,Camara,Christian,R
80298,Leadership for Broward,PAC,Political Committee,1742 West Flagler Street,,Miami,FL,33135,Miami-Dade,7867624990,Book,Chase,Montgomery,Kuhn,Maria,
64349,Leadership for Florida,PAC,Political Committee,610 South Boulevard,,Tampa,FL,33606,Hillsborough,8132543369,Gould,Renee,,Watkins,Nancy,H.
80404,Leadership for South Miami,PAC,Political Committee,6619 S. Dixie Highway No 148,,Miami,FL,33143,Miami-Dade,3056472666,Fernandez,Javier,,Maggiolo,Gloria,
74396,Leadership in Action,PAC,Political Committee,12645 Morning Dr #128,,DADE CITY,FL,33525,Broward,3052444393,Garcia Del Rio,Maria,Isabel,Garcia Del Rio,Maria,Isabel
79639,Leadership Matters PC,PAC,Political Committee,701 South Howard Avenue,#106-813,Tampa,FL,33606,Hillsborough,8137330070,Thomas,John,E,Brill,Jonathan,
83815,Leadership We Can Trust,PAC,Political Committee,4914 SW 72 Avenue,,Miami,FL,33155,Miami-Dade,3054450777,Gongora,Michael,,Riesco,Jose,A
84290,Leadership With Vision,PAC,Political Committee,c/o Gloria Maggiolo,6619 South Dixie Hwy #148,Miami,FL,33143,Miami-Dade,3056472666,Brown Sr,James,L,Maggiolo,Gloria,
93194,"Leadership, Progress, & Quality PC",PAC,Political Committee,"701 S. Howard Avenue, #106-813",,Tampa,FL,33606,Hillsborough,8137330070,Reynolds,Carly,,Brill,Jonathan,
75151,Leading For Our Future,PAC,Political Committee,115 East Park Avenue,Suite #1,Tallahassee,FL,32301,Leon,3522755004,Jones,William,S.,Jones,William,S.
74829,LeadingAge Southeast Florida Political Committee,PAC,Political Committee,527 East Park Avenue,,Tallahassee,FL,32301,St. Johns,8504041000,Scott,Teresa,,Fenner,Noreen,A.
64162,Lee Building Industry Association PC,PAC,Political Committee,120 South Monroe Street,,Tallahassee,FL,32301,Lee,8507277087,Durling,Richard,,Ramba,David,E.
88853,Left of Bang,PAC,Political Committee,Post Office Box 20252,,St. Petersburg,FL,33702,Pinellas,8133357472,Mallo,James,,Jodoin,Jamie,C.
89544,Let Florida Vote II,PAC,Political Committee,"3948 3rd Street South, #26",,Jacksonville Beach,FL,32250,Duval,9043070676,Whitson,Zack,,Whitson,Zack,
89565,Let Florida Vote III,PAC,Political Committee,"3948 3rd Street S, #26",,Jacksonville Beach,FL,32250,Duval,9043070676,Whitson,Zack,,Whitson,Zack,
93202,Let's Build Florida,PAC,Political Committee,4914 SW 72 Avenue,,Miami,FL,33155,Miami-Dade,3054450777,Adkins,Dan,,Miranda,Jeannine,Riesco
84721,Let's Get Back to Basics,PAC,Political Committee,2600 South Douglas Road,Suite 800,Coral Gables,FL,33134,Miami-Dade,3055295440,Blanco,Omar,,Trueba,Carlos,M.
64711,Let's Get It Done,PAC,Political Committee,863 Laguna Drive,,Fernandina Beach,FL,32034,Nassau,9045830134,Adkins,Douglas,D.,Adkins,Douglas,
88640,LevelField,PAC,Political Committee,Post Office Box 699,,Ringgold,GA,30736,,4234433308,Lavine,Steven,,Lavine,Steven,
93219,LGBTQIA+ Adoption Committee,PAC,Political Committee,"1334 Timberlane Road, Suite 15",,Tallahassee,FL,32312,Leon,8134177025,Brothers,Riley,,Brothers,Riley,
89390,Liberal Yoni PC,PAC,Political Committee,Post Office Box 20252,,St. Petersburg,FL,33742,Pinellas,,Jodoin,Jamie,C,Jodoin,Jamie,C
83890,Liberated By Democracy,PAC,Political Committee,1527 Dusty Pine Drive,,Apopka,FL,32703,Orange,8507240605,Bracy Davis,LaVon,,Kato,Natalie,
67565,Libertatem,PAC,Political Committee,"115 East Park Avenue, Suite 1",,Tallahassee,FL,32301,Leon,3522755004,Jones,William,S.,Jones,William,S.
84173,Liberty & Justice,PAC,Political Committee,23520 SW 142 Ave,,Homestead,FL,330322200,Leon,7863676905,Rodríguez,Ernesto,,Camara,Christian,R.
80318,Liberty and Prosperity Fund,PAC,Political Committee,527 East Park Avenue,,Tallahassee,FL,32301,Leon,8504041000,Portigliatti,Bruno,,Fenner,Noreen,
60790,Liberty Florida,PAC,Political Committee,610 South Boulevard,,Tampa,FL,33606,Hillsborough,8132543369,Franz,Richard,,Watkins,Nancy,
69359,Liberty for Florida,PAC,Political Committee,Post Office Box 11192,,Tallahassee,FL,32302,Leon,8505666203,Griner,Christine,M.,Doster,Russell,
85556,Liberty In Action,PAC,Political Committee,2771 Monument Road,Suite 29-213,Jacksonville,FL,32225,Duval,9046527640,Morton,Karyn,,Sokol,Joseph,
88564,Liberty Launch Fund,PAC,Political Committee,216 Lannie Rowe Drive,,Panama City,FL,32404,Bay,8502471975,Custer,Karen,,Custer,Bradford,
79312,Liberty Leadership Fund,PAC,Political Committee,"115 East Park Avenue, Suite 1",,Tallahassee,FL,32301,Leon,3522755004,Jones,William,S.,Jones,William,S.
3404,Liberty PAC - Florida,PAC,Political Committee,175 Berkeley Street,,Boston,MA,21170000,,6173579500,Kenealy,Edmund,C.,Georgantas,David,
89065,Liberty Rising,PAC,Political Committee,Post Office Box 20252,,St. Petersburg,FL,33742,Pinellas,8133357472,White,Robert,,Jodoin,Jamie,C.
80433,Life and Liberty,PAC,Political Committee,"115 East Park Avenue, Suite 1",,Tallahassee,FL,32301,Leon,3522755004,Jones,William,S.,Jones,William,S.
78777,Lift-Off Florida PC,PAC,Political Committee,Post Office Box 30265,,Fort Lauderdale,FL,33303,Broward,9547670300,Haber,Jason,H.,Blank,Jason,B.
89266,Lincoln Reagan Committee,PAC,Political Committee,4360 Silver Glen Drive,,Wellington,FL,33449,Palm Beach,5612520443,Goldfarb,Jay,,Goldfarb,Jay,
69910,Living Life With Purpose,PAC,Political Committee,527 East Park Avenue,,Tallahassee,FL,32301,Leon,8504041000,Leek,Thomas,,Fenner,Noreen,A.
60733,Local 32 P.A.L.,PAC,Political Committee,20375 Northeast 15th Court,,North Miami Beach,FL,33179,Miami-Dade,3056515971,Macaechern,Michael,W.,Villarruel,Daniel,
90510,Local Economic Solutions Committee,PAC,Political Committee,527 East Park Avenue,,Tallahassee,FL,32301,Leon,8504041000,McCann,John,,Fenner,Noreen,
84402,Local Elected Officials Scoring System,PAC,Political Committee,Post Office Box 20252,,St. Petersburg,FL,33742,Pinellas,8133357472,Velivis,Zach,,Jodoin,Jamie,C.
64782,Local Home Builders PAC,PAC,Political Committee,1319 Thomaswood Drive,,Tallahassee,FL,32308,Leon,8504021869,Payton,Russell,,Scott,Kimberly,
89717,Local Impact,PAC,Political Committee,300 North Ronald Reagan Blvd,,Longwood,FL,32750,Seminole,4078081506,McMillan,Matthew,,McMillan,Matthew,
78401,Local Leadership for Miami-Dade County,PAC,Political Committee,1481 Northwest 22nd Street,,Miami,FL,33142,Miami-Dade,7868319172,Diaz de la Portilla,Alex,,Diaz de la Portilla,Alex,
90594,Local Party Infrastructure Fund,PAC,Political Committee,"220 Miracle Mile, Suite 205",,Coral Gables,FL,33134,Miami-Dade,3059724162,Cuba,Juan,,Herrera,Maria,M.
60815,Local Union 803 Committee On Political Education,PAC,Political Committee,2447 Orlando Central Parkway,,Orlando,FL,32809,Orange,4078519240,Strickland,Jason,,Haupt,Steven,A.
60595,Local Union 915 IBEW Political Action Committee,PAC,Political Committee,5621 Harney Road,,Tampa,FL,33610,Hillsborough,8136216451,King,Randall,,King,Theresa,
84034,LOCALAF,PAC,Political Committee,150 South Pine Island Road,Suite 530,Plantation,FL,33324,Broward,9544759518,Grosman,Rotem,,Befort,Douglas,
89020,Long Lasting Progress PC,PAC,Political Committee,Post Office Box 30295,,Fort Lauderdale,FL,33303,Broward,9547670300,Long,Rob,,Blank,Jason,B.
89389,Lower Property Taxes Now,PAC,Political Committee,113 South Monroe Street,,Tallahassee,FL,32301,Leon,7864360973,Alvarado,Alex,,Alvarado,Alex,
93216,MAGA 2026,PAC,Political Committee,"1334 Timberlane Road, Suite 15",,Tallahassee,FL,32312,Leon,8134177025,Brothers,Riley,,Brothers,Riley,
89610,MAGA Caucus FL PC,PAC,Political Committee,P. O. Box 20252,,St. Petersburg,FL,33742,Pinellas,8133357472,Sarandis,Theodore,,Jodoin,Jamie,C.
88983,MAGA Florida,PAC,Political Committee,1400 Village Square Boulevard,Suite #3-120,Tallahassee,FL,32312,Leon,8505100628,Langston,Matt,,Elliott,Samuel,
79009,Magar Conservatives Fund,PAC,Political Committee,526 East Park Avenue,,Tallahassee,FL,32301,Leon,8505666203,Elliott,Samuel,L.,Doster,Russell,
89527,Mainstreet Partners,PAC,Political Committee,2505 Northwest 71st Place,,Gainesville,FL,32653,Alachua,3478442457,Perry,W.,Keith,Little,Kena,N.
70338,Make America Great Again,PAC,Political Committee,133 South Harbor Drive,,Venice,FL,34285,Sarasota,9412006551,Levy,Alex,,Robinson,Eric,
74919,Make Broward Great Again,PAC,Political Committee,4416 Jackson Street,,Hollywood,FL,33021,Broward,9544881890,DeNapoli,Richard,,DeNapoli,Richard,
79567,Make It So PAC,PAC,Political Committee,527 East Park Avenue,,Tallahassee,FL,32301,Leon,8504041000,Mayfield,Vincent,W.,Fenner,Noreen,A.
89409,Make Manatee Great Again PC,PAC,Political Committee,"433 8th Avenue, W.",,Palmetto,FL,34221,Manatee,8133357472,Little,Melton,H.,Jodoin,Jamie,C.
89332,Make Miami Gardens Great (MMGG),PAC,Political Committee,P O Box 540082,,Opa Locka,FL,33054,Broward,,Nunnally,Tonja,,Fail,Ruth,
64177,Making A Better Tomorrow,PAC,Political Committee,133 South Harbor Drive,,Venice,FL,34285,Sarasota,9414887794,Robinson,Eric,,Robinson,Eric,
89803,Making Democracy Work,PAC,Political Committee,Post Office Box 30265,,Fort Lauderdale,FL,33303,Broward,9547670300,Worley,Michael,,Blank,Jason,B.
79488,Making Florida Better,PAC,Political Committee,Post Office Box 30265,,Fort Lauderdale,FL,33303,Broward,9547670300,Cardozo Jr.,Reginald,,Blank,Jason,B.
89884,Making Opportunities Matter PAC,PAC,Political Committee,120 South Monroe Street,,Tallahassee,FL,32301,Leon,8507277087,Guilarte,Cecilia,,Martinez,Ana,
89700,Making Options Matter PAC,PAC,Political Committee,120 South Monroe Street,,Tallahassee,FL,32301,Leon,8507277087,Guilarte,Cecilia,,Martinez,Ana,
66416,Manatee County Medical Society PAC,PAC,Political Committee,4808 26th Street West,,Bradenton,FL,34207,Leon,9417553411,Castellucci,Sean,,Hill,Austin,
61082,Manatee Education Association Together In Government and Education Reform,PAC,Political Committee,1523 6th Avenue West,,Bradenton,FL,34205,Manatee,9417475091,Barber,Patricia,L.,Carney,Kara,
79867,Many United Democrats,PAC,Political Committee,2051 Country Club Drive,,Tallahassee,FL,32301,Leon,8507240605,Kato,Natalie,,Kato,Natalie,
35462,Marine Industries Promoting Access to Citizens (MIPAC),PAC,Political Committee,527 East Park Avenue,,Tallahassee,FL,32301,Collier,8504041000,Maxwell,Josh,,Fenner,Noreen,A.
69677,Marine Industries Treasure Coast PAC,PAC,Political Committee,527 East Park Avenue,,Tallahassee,FL,32301,Leon,8504041000,Yudin,John,,Byrd,Gail,
61217,Maritime Leadership Committee,PAC,Political Committee,1007 North American Way,Suite 407,Miami,FL,33132,Miami-Dade,3053798694,Daggett,Harold,,Knott,Stephen,
60362,Mark PC,PAC,Political Committee,Post Office Box 1701,,Tallahassee,FL,323021701,Leon,8505674878,Herron,Mark,,Herron,Mark,
81064,MDF PAC 22,PAC,Political Committee,8066 North 56th Street,,Tampa,FL,33617,Hillsborough,8134340606,Gasser,Gamal,,Gasser,Gamal,
79821,MEA Fund for Children & Public Education,PAC,Political Committee,2801 Southwest College Road,Suite 14,Ocala,FL,34474,Marion,3522376275,Avery,Mark,,Parker,Emily,
74158,Meaningful Government for Florida PC,PAC,Political Committee,120 South Monroe Street,,Tallahassee,FL,32301,Leon,8507277087,Valdes,Susan,,Ramba,David,E.
60821,Medical Doctors Political Action Committee of Palm Beach County,PAC,Political Committee,"3540 Forest Hill Blvd, Ste 101",,West Palm Beach,FL,33406,Palm Beach,5614333940,Babic,Stephen,,Baca,Shawn,
84400,"MENE, MENE, TEKEL, UPHARSIN",PAC,Political Committee,Post Office Box 20252,,St. Petersburg,FL,33742,,8133357472,Velivis,Zach,,Jodoin,Jamie,C.
93208,Meridian PAC,PAC,Political Committee,Post Office Box 122,,Tallahassee,FL,32302,Leon,3056084300,Camara,Christian,R.,Camara,Christian,R.
3759,Metro-Broward Firefighters Political Committee,PAC,Political Committee,8000 N University Dr,,Tamarac,FL,33321,Broward,9547831250,Powell,Brian,,Powell,Brian,
89285,Metro-Dade Firefighters PAC,PAC,Political Committee,"8000 NW 21 Street, Suite 222",,Miami,FL,33122,Miami-Dade,3055936100,McAllister IV,William,A,Blake,Paul,
60520,Miami Beach FIREPAC,PAC,Political Committee,1521 Alton Road,Box 114,Miami Beach,FL,33139,Miami-Dade,3057999887,Garcia,Adonis,,Garcia,David,
89066,Miami Beach Forward,PAC,Political Committee,1200 West Avenue #1421,,Miami Beach,FL,33139,Miami-Dade,8452641923,Knapp,Amanda,,Harris,Kevin,
83874,Miami Beach Leadership In Action,PAC,Political Committee,11120 North Kendall Drive,Suite 200,Miami,FL,33176,Miami-Dade,3052738008,Giampaolo,David,,Puente,Justin,
83516,Miami Enginering Agriculture And Tourism,PAC,Political Committee,2100 Salzedo Street Suite 200,,Coral Gables,FL,33134,Miami-Dade,3054386528,Pascual,Joshua,E,Flore,Anthony,
16964,Miami Firefighters PAC,PAC,Political Committee,2980 NW South River Drive,,Miami,FL,331250000,,3056333442,Cardenas,Alexander,,Cernuda,Raul,
37384,Miami Firefighters PAC II,PAC,Political Committee,2980 NW South River Drive,,Miami,FL,331251146,Miami-Dade,3056333442,Cardenas,Alexander,,Cernuda,Raul,
50477,Miami Fraternal Order of Police PAC,PAC,Political Committee,710 SW 12 Ave.,,Miami,FL,33130,Miami-Dade,3058545019,Rosario,Felix,Del,Rodriguez,Raynier,
69524,"Miami General Employees United, Inc.",PAC,Political Committee,4011 West Flagler Street,Suite 405,Miami,FL,331340000,Miami-Dade,3056432254,Moy,Sean,,Jimenez,Rodrigo,
88649,Miami Lakes First,PAC,Political Committee,7950 Northwest 155th Street,Suite 207,Miami Lakes,FL,33016,Miami-Dade,3055564106,Dieguez,Joshua,,Dieguez,Joshua,
89917,Miami Lakes Now & Forever,PAC,Political Committee,14100 Palmetto Frontage Road,Suite 370,Miami Lakes,FL,33016,Miami-Dade,3054501975,Morera,Bryan,,Morera,Bryan,
89128,Miami Realtors Politcal Action Committee,PAC,Political Committee,1800 Oakwood Drive,,Miami,FL,33166,Miami-Dade,3054687000,Blanco,Eddie,,Kinney,Teresa,King
88703,Miami Residents First,PAC,Political Committee,527 East Park Avenue,,Tallahassee,FL,32301,Leon,8504041000,Miles,Christopher,,Fenner,Noreen,A.
74836,Miami United PC,PAC,Political Committee,2100 Salzedo Street,Suite 200,Coral Gables,FL,33134,Miami-Dade,3054386528,Perez,Daniel,A.,Fiore,Anthony,
88715,Miami-Dade  Young Democrats,PAC,Political Committee,815 Northeast 70th Street,,Miami,FL,33138,Miami-Dade,7276859719,Routt,Justin,,Thurlow,George,
88691,Miami-Dade Residents United,PAC,Political Committee,"2100 Salzedo Street, Suite 200",,Coral Gables,FL,33134,Miami-Dade,3054386528,Tapia,Damian,,Fiore,Anthony,
88779,Miami-Dade United,PAC,Political Committee,c/o Gloria Maggiolo,6619 S. Dixie Highway No.148,Miami,FL,33143,Miami-Dade,3053009764,Johnson Jr,Samuel,L.,Maggiolo,Gloria,
84128,Miami-Dade Victory Coalition,PAC,Political Committee,Post Office Box 122,,Tallahassee,FL,32302,Leon,3056084300,Camara,Christian,R,Camara,Christian,R
80699,Miamians for Sensible Government,PAC,Political Committee,4914 SW 72 Avenue,,Miami,FL,33155,Miami-Dade,3054450777,Diaz,Raul,,Riesco,Jose,A.
89982,Micah Mandate Action PAC,PAC,Political Committee,7000 Klondike Road,,Pensacola,FL,32526,Escambia,8505727669,Leonard,Todd,,Leonard,Rebecca,
89068,Mission Miami,PAC,Political Committee,PO Box 440063,,Miami,FL,33144,Miami-Dade,3059752125,Gonzalez,Emilio,T.,Trabazo,Andrew,S.
60596,Mitigation Banking for Florida's Future,PAC,Political Committee,106 East College Avenue,Suite 1500,Tallahassee,FL,32301,Lake,8502225702,Hovater,Kae,,Killinger,Lori,
88876,Momentum Jax,PAC,Political Committee,"233 East Bay Street, Suite 804",Suite 804,Jacksonville,FL,32202,Duval,9043079758,Jean-Bart,Leslie,Scott,Jean-Bart,Leslie,Scott
79873,Moms For Liberty Florida,PAC,Political Committee,133 Harbor Drive South,,Venice,FL,34285,Sarasota,9414887794,Descovich,Tina,,Robinson,Eric,
85567,Moms for Libraries,PAC,Political Committee,201 South Monroe Street,4th Floor,Tallahassee,FL,32301,Leon,8507240605,Kato,Natalie,,Kato,Natalie,
64555,More Jobs And Better Schools For Florida,PAC,Political Committee,"526 East Park Ave., Suite 100",,Tallahassee,FL,32301,Leon,8505666203,Doster,Russell,,Elliott,Sam,
79005,Morse Life Good Government PAC,PAC,Political Committee,2640-A Mitcham Drive,,Tallahassee,FL,32308,Palm Beach,8508771099,Myers,Keith,,Heitmeyer,Rich,
60909,Mortgage Bankers of Florida Political Action Committee,PAC,Political Committee,Post Office Box 10448,,Tallahassee,FL,32302,Orange,8508946602,Moore,Debbie,,Moore,Debbie,
89403,Move Miami Forward-Pa'lante Miami,PAC,Political Committee,701 South Howard Avenue,#106-813,Tampa,FL,33606,Hillsborough,8137330070,Blackburn,Madalyn,,Brill,Jonathan,
88537,Movement Voter PAC FL,PAC,Political Committee,Post Office Box 1719,,Northampton,MA,1061,,4132199438,Dunning,Robbie,,Flajnik,John,
88671,Moving Deerfield Forward,PAC,Political Committee,Post Office Box 30265,,Fort Lauderdale,FL,33303,Broward,9547670300,Matthews,Nicholas,,Blank,Jason,B.
84011,Moving Families Forward,PAC,Political Committee,2484 Primrose Place,,Oakland Park,FL,33309,Broward,8137677656,Matthews,Nicholas,,Matthews,Nicholas,
89545,Moving Florida Forward,PAC,Political Committee,Post Office Box 1701,,Tallahassee,FL,32302,Leon,8505674878,Herron,Mark,,Herron,Mark,
84281,Moving Forward Together,PAC,Political Committee,6619 South Dixie Hwy #148,,Miami,FL,33143,Miami-Dade,9545947897,Mccarthy,Rolinda,,Maggiolo,Gloria,
88696,Moving Hillsborough Forward,PAC,Political Committee,1722 Northwest 80th Boulevard,Suite 90,Gainesville,FL,32606,Alachua,3522755004,Jones,William,S.,Jones,Williams,S.
89470,Moving Orlando Ahead,PAC,Political Committee,527 East Park Avenue,,Tallahassee,FL,32301,Leon,8504041000,Chapin,Roger,,Fenner,Noreen,
70514,Moving Pinellas Forward,PAC,Political Committee,Post Office Box 1701,,Tallahassee,FL,32302,Leon,8505674878,Herron,Mark,,Herron,Mark,
61004,Municipal Electric PAC,PAC,Political Committee,Post Office Box 10114,,Tallahassee,FL,32302,Leon,8502243314,Guillen,Tony,,Zubaly,Amy,
60686,NABIP Florida PAC,PAC,Political Committee,527 East Park Avenue,,Tallahassee,FL,32301,Leon,8504041000,Hepscher,William,,Major-Bell,Vicky,A.
61061,"NACM-ICPC PAC, INC.",PAC,Political Committee,Post Office Box 22827,,Tampa,FL,33622,Palm Beach,8003296226,Marino,Lori,A,Bodoh,Joy,
60992,NAIOP of Florida- Political Committee,PAC,Political Committee,"301 E. Pine Street, Suite 1400",,Orlando,FL,32801,Hillsborough,4078438880,Carmody,Chris,,Joseph,Bryan,
84692,NAKPC,PAC,Political Committee,113 East College Avenue,Suite #203,Tallahassee,FL,32301,Leon,8507240605,Kato,Natalie,,Kato,Natalie,
60607,"National Association of Insurance and Financial Advisors-Florida, PC",PAC,Political Committee,NAIFA-FL PC,Post Office Box 11247,Tallahassee,FL,32302,Leon,8504221701,Chalom,Joseph,,Tiralosi,Mark,
4001,National Federation of Independent Business Florida Political Action Committee,PAC,Political Committee,555 12th St NW,Suite 1001,Washington,DC,20004,Leon,2025549000,Kates,Larry,,Simpson,Dawn,
89234,National Rifle Association Political Victory Fund,PAC,Political Committee,11250 Waples Mill Road,,Fairfax,VA,22030,,7032671152,Commerford,John,,Funderburk,Zac,
88951,Natural Healing,PAC,Political Committee,"25 SE 2nd Ave, Ste 550 #786",,Miami,FL,33131,Miami-Dade,7869104291,Perdomo,Luis,,Perdomo,Luis,
60604,Nature Coast Conservative Coalition PC,PAC,Political Committee,120 South Monroe Street,,Tallahassee,FL,32301,Leon,8507277087,Dean Jr.,Charles,S.,Ramba,David,E.
89333,Neighborhoods First,PAC,Political Committee,701 S. Howard Avenue #106-813,,Tampa,FL,33606,Hillsborough,8137330070,Brill,Jonathan,,Brill,Jonathan,
88544,Neighborhoods Matter,PAC,Political Committee,Post Office Box 20252,,St. Petersburg,FL,33742,Pinellas,8133357472,Wolf,Jennifer,Rebecca,Jodoin,Jamie,C.
89040,Neighbors for a Better Apopka,PAC,Political Committee,527 East Park Avenue,,Tallahassee,FL,32301,Leon,8504041000,Moran,Daniel,,Fenner,Noreen,A.
85941,Neighbors for a Sensible Orange County,PAC,Political Committee,527 East Park Avenue,,Tallahassee,FL,32301,Leon,8504041000,Leary,Steve,,Fenner,Noreen,A
89426,Neighbors for Florida's Prosperity And Progress,PAC,Political Committee,8983 Okeechobee Boulevard,Suite 202,West Palm Beach,FL,33411,Palm Beach,5616146394,Williams,Calvin,,Williams,Calvin,
75180,Nelson Mullins Riley & Scarborough Florida State/Local Political Committee,PAC,Political Committee,PO Box 11070,,Columbia,SC,29211,,8643732300,McCall,Crystal,C.,Webb,Douglas,M.
84768,New Conservative Leadership,PAC,Political Committee,527 East Park Avenue,,Tallahassee,FL,32301,Miami-Dade,8504041000,Garcia-Roves,Jacqueline,,Fenner,Noreen,A.
90643,New Day Tampa,PAC,Political Committee,701 South Howard Avenue,#106-813,Tampa,FL,33606,Hillsborough,8137330070,Wood,Ken,,Brill,Jonathan,
64735,New Direction Florida,PAC,Political Committee,Post Office Box 1701,,Tallahassee,FL,32302,Leon,8505674878,Herron,Mark,,Herron,Mark,
84434,New Florida,PAC,Political Committee,Post Office Box 555454,,Orlando,FL,32855,Citrus,4072855730,McCurdy,Travaris,,Miles,Warren,
73572,New Florida Vision PAC,PAC,Political Committee,"10800 Biscayne Blvd., Ste 900",,Miami,FL,33161,Miami-Dade,3057540118,Bullard,Dwight,,Simmons,Victricia,
88660,New Future Leaders Florida,PAC,Political Committee,201 South Monroe Street,4th Floor,Tallahassee,FL,32301,Leon,8507240605,Kato,Natalie,,Kato,Natalie,
93190,New Gen Leaders PAC,PAC,Political Committee,"701 S. Howard Ave, #106-813",,Tampa,FL,33606,Hillsborough,8137330070,Cox,Marsha,,Brill,Jonathan,
70363,New Leadership for Florida,PAC,Political Committee,1742 W Flagler Street,,Miami,FL,33135,Miami-Dade,7867624990,Ulvert,Christian,,Kuhn,Maria,
89251,New Leadership for Miami,PAC,Political Committee,c/o Gloria Maggiolo,6619 S. Dixie Highway No 148,Miami,FL,33143,Miami-Dade,3056472666,Salman,Javier,,Maggiolo,Gloria,
61043,New Leadership Network PC,PAC,Political Committee,2665 S. Bayshore Dr Suite 1103,,Miami,FL,33133,Miami-Dade,3054446102,Lopez,Jorge,Luis,Rodriguez,Rodolfo,
78980,New Opportunity Florida,PAC,Political Committee,401 E Las Olas Blvd,"Suite 130, #796",Fort Lauderdale,FL,33301,Leon,9548299947,Pizzo,Jason,,Francis,Kayla,
90615,New Vision for Our Courts,PAC,Political Committee,"2100 Salzedo Street, Suite 200",,Coral Gables,FL,33134,Miami-Dade,3054386528,Tapia,Damian,,Fiore,Anthony,
60978,"NextEra Energy, Inc. Political Action Committee - FL",PAC,Political Committee,700 Universe Boulevard,,Juno Beach,FL,33408,Palm Beach,5613045104,Castaneda,Stephanie,,Marcum,Joshua,
89295,NextGen Hialeah,PAC,Political Committee,527 East Park Avenue,,Tallahassee,FL,32301,Leon,8502120226,Marrero,William,,Fenner,Noreen,A.
60863,NFOPAPE Political Action Committee,PAC,Political Committee,1700 NW 66th Avenue,Suite 100,Fort Lauderdale,FL,33313,Broward,9547977575,Reynolds,Daniel,,Bailey,Willie,
74696,No More Socialism,PAC,Political Committee,PO Box 140702,,Coral Gables,FL,33114,Miami-Dade,3056000095,Garcia,Ileana,,Millner,Michael,
60691,North Central Florida Central Labor Council,PAC,Political Committee,235 S Main St.,#206,Gainesville,FL,32601,Alachua,,Mathis,Lanny,,Dempsey,Brian,
88825,North Central Florida for Law and Order,PAC,Political Committee,Post Office Box 357536,,Gainesville,FL,32635,Alachua,3868822765,Burnette,Matthew,,Burnette,Matthew,
78906,North East Florida Medical Political Action Committee,PAC,Political Committee,4150 Belfort Road #551538,,Jacksonville,FL,32216,Duval,9043556561,Formoso,Ferdinand,,Thimann,Daniel,
61019,North Florida Citizens for Justice,PAC,Political Committee,218 South Monroe Street,,Tallahassee,FL,32301,Leon,8502249403,Rafferty,Troy,,Gustafson Jr.,James,W.
84446,North Florida Families PAC,PAC,Political Committee,2020 West Pensacola Street,Suite 210-202,Tallahassee,FL,32304,Leon,8503224042,Morgan,Jennifer,,Jones-Haynes,Remera,
80756,North Florida Patriots,PAC,Political Committee,"115 East Park Avenue, Suite 1",,Tallahassee,FL,32301,Leon,3522755004,Jones,William,S.,Jones,William,S.
81178,North Florida Victory,PAC,Political Committee,Post Office Box 362,,Tallahassee,FL,32302,Leon,8502128836,Beck-Jones,Juanda,,Hays,Kenneth,M.
60752,Northeast Florida Chamber Alliance,PAC,Political Committee,Post Office Box 11309,,Tallahassee,FL,32302,Leon,8505211200,Wilson,Mark,,DeWitt,Parker,
61041,Northeast Florida Committee for Economic Growth,PAC,Political Committee,4932 Sunbeam Road,,Jacksonville,FL,32257,Duval,9047254355,Hart,Curtis,,Matovina,Gregory,E.
60835,Northeast Florida Public Employees Local 630 PAC,PAC,Political Committee,"4161 Carmichael Ave, Suite 115",,Jacksonville,FL,32207,Duval,9047578444,Burris,Benjamin,,Burris,Benjamin,
79943,Northeast Florida Values,PAC,Political Committee,115 East Park Avenue,Suite 1,Tallahassee,FL,32301,Leon,3522755004,Jones,William,S.,Jones,William,S.
60506,Northern Palm Beach County Political Action Committee,PAC,Political Committee,"5520 PGA Boulevard, Suite 200",,Palm Beach Gardens,FL,33418,Palm Beach,5617467111,Armstrong,Chip,,Bauer,Mike,
60753,Northwest Florida Chamber Alliance,PAC,Political Committee,Post Office Box 11309,,Tallahassee,FL,32302,Leon,8505211200,Walker,Frank,,DeWitt,Parker,
45005,Northwest Florida NAIOP PAC,PAC,Political Committee,Post Office Box 841,,Pensacola,FL,32591,Escambia,8504807332,Fry,Megan,,Thrower,Karen,
69489,Northwest Florida Resource Fund,PAC,Political Committee,Post Office Box 20252,,St. Petersburg,FL,33742,Leon,8133357472,Gainer,George,,Jodoin,Jamie,C.
60565,NOW PAC of Florida NOW,PAC,Political Committee,6616 Crenshaw Drive,,Orlando,FL,32835,Marion,4072346408,Deland,Debbie,,Southard,Suzanne,
89412,Oak Strong,PAC,Political Committee,1722 Northwest 80th Boulevard,Suite 90,Gainesville,FL,32606,Alachua,3522755004,Bradley,Rob,,Jones,William,S.
89509,OccMed Florida PAC,PAC,Political Committee,201 South Monroe Street,4th Floor,Tallahassee,FL,32301,Leon,8507240605,Kato,Natalie,,Kato,Natalie,
4210,Ocean Reef PAC,PAC,Political Committee,"24 Dockside Lane, #505",,Key Largo,FL,330370000,Monroe,3053673067,Holmes,Teresa,J.,Tirado,Pablo,
60787,Okaloosa-TIGER (Together in Government and Education Reform),PAC,Political Committee,348 Valparaiso Parkway,,Valparaiso,FL,32580,Okaloosa,8506785940,Phillips,Lora,,Dingess,Michael,
80114,On Your Side,PAC,Political Committee,1722 Northwest 80th Boulevard,Suite 90,Gainesville,FL,32606,Alachua,3522755004,Jones,William,S.,Jones,William,S.
89104,One Fort Lauderdale,PAC,Political Committee,1742 West Flagler Street,,Miami,FL,33135,Miami-Dade,7897624990,Ulvert,Christian,,Kuhn,Maria,
74266,One Penny Too Many,PAC,Political Committee,1375 Jackson Street,Suite 202,Fort Myers,FL,33901,Lee,8504041000,Miller,Terry,,Fenner,Noreen,
89983,One Tamarac,PAC,Political Committee,7154 North University Drive,,Tamarac,FL,33321,Broward,9297681030,Hearn,Shomari,,Hearn,Shomari,
84365,One Voice Florida,PAC,Political Committee,8189 NW 14th Place,,Miami,FL,33147,Broward,3052976615,Brant-Wilson,Valerie,,,,
74853,Onward Florida,PAC,Political Committee,120 South Monroe Street,,Tallahassee,FL,32301,Leon,8507277087,Ramba,David,E.,Ramba,David,E.
83658,OPAC,PAC,Political Committee,527 East Park Avenue,,Tallahassee,FL,32301,Leon,8504041000,Newstreet,John,,Fenner,Noreen,A.
88523,Open Access and Formats,PAC,Political Committee,1256 Vinetree Drive,,Brandon,FL,33510,Hillsborough,8139721141,Homan,M,Douglas,Sweeney,Sherry,
61289,Opticians for Better Vision,PAC,Political Committee,PO Box 1296,,Crawfordville,FL,32326,Hillsborough,8502012622,Pierce,Laura,,Pace,Damarys,
85062,Optometry PAC,PAC,Political Committee,120 South Monroe Street,,Tallahassee,FL,32301,Leon,8508774697,Levin,Michelle,,Langley,Sarah,
60988,Orange County Association of School Administrators PC,PAC,Political Committee,119 South Monroe Street,Suite 202,Tallahassee,FL,32301,Leon,8507014797,Clark,Robert,J.,Mixon,Juhan,
69992,Orange County Citizens for Smart Growth,PAC,Political Committee,Post Office Box 1701,,Tallahassee,FL,32302,Leon,8505674878,Herron,Mark,,Herron,Mark,
89625,Orange County Community First,PAC,Political Committee,Post Office Box 560362,,Orlando,FL,32856,Orange,4079133579,Ruiz,Rafiq,Rao,Rao--Ruiz,Rafiq,
60572,Orange County Farm Bureau Political Action Committee,PAC,Political Committee,Post Office Box 1329,,Christmas,FL,32709,Orange,4076377737,Markle,Kathrein,,Stotler,Amy,
61541,Orange County FIREPAC,PAC,Political Committee,6969 Venture Circle,,Orlando,FL,32807,Orange,4073892057,Perez,Andre,,Sweeney,Laurita,
60696,Orange County Fund for Children and Public Education,PAC,Political Committee,1020 Webster Avenue,,Orlando,FL,32804,Orange,4072980756,Royal,Ladara,,Modesto,Ashley,
60943,Orange Lake Resort Alliance,PAC,Political Committee,9271 S. John Young Pkwy,,Orlando,FL,32819,Osceola,4073956729,Wilson Jr,Spence,,Dixon,Sonya,
74124,Orlando PAC,PAC,Political Committee,2910 Kerry Forest Parkway,D4-324,Tallahassee,FL,32309,Leon,8505663905,Watson,Screven,,Watson,Sabrena,
83621,Osceola Action Committee,PAC,Political Committee,Post office Box 700012,,St. Cloud,FL,34770,Osceola,4075088500,Hernandez,Nelly,,Fetzer,Jeremy,
84707,Osceola Safe Community,PAC,Political Committee,PO Box 700012,,Saint Cloud,FL,34770,Osceola,4073615030,Fetzer,Jeremy,,Fetzer,Jeremy,
88545,Our Atlantic Beach,PAC,Political Committee,610 South Boulevard,,Tampa,FL,33606,Hillsborough,8132543369,Young,Don,,Watkins,Nancy,H.
88719,Our Blue Democracy Action PAC,PAC,Political Committee,1563 Capital Circle Southeast,Unit 44,Tallahassee,FL,32301,Leon,8502207853,Joseph,Malucci,,Joseph,Malucci,
61068,Our Florida Elders Count,PAC,Political Committee,307 West Park Avenue,Suite 100,Tallahassee,FL,32301,Leon,8502243907,Biegasiewicz,Kim,,Mitchell,Joe,
89709,Our Shared Vision,PAC,Political Committee,4914 Southwest 72 Avenue,,Miami,FL,33155,Miami-Dade,3054450777,Roos,Hector,,Miranda,Jeannine,Riesco
83692,Our Vote Our Voice PAC,PAC,Political Committee,4081 LB Mcleod Road,Suite C,Orlando,FL,32811,Orange,4079013749,Lightsey,Raven,,Hill,Jeronda,
60616,"Outside-Inside PAC Fund, Consolidated Local Union #177",PAC,Political Committee,966 Liberty Street,,Jacksonville,FL,32206,Duval,9046080378,Mullis,Ross,,Urban,Dennis,
60497,P.C. IUOE 487 FL,PAC,Political Committee,1425 NW 36 Street,,Miami,FL,33142,Miami-Dade,3056343419,Schaunaman,Mark,,Singer,Scott,
89379,PA Political Action Committee,PAC,Political Committee,701 South Howard Avenue,#106-813,Tampa,FL,33606,Hillsborough,8137330070,Bradley,Ryan,,Brill,Jonathan,
84453,Palm and Pine PC,PAC,Political Committee,"1722 NW 80th Blvd, Suite 90",,Gainesville,FL,32606,Alachua,3522755004,Jones,William,S,Jones,William,S.
64833,Palm Bay Professional Firefighters PC,PAC,Political Committee,120 South Monroe Street,,Tallahassee,FL,32301,Brevard,8507277087,Ramba,David,E.,Ramba,David,E.
61105,Palm Beach County Classroom Teachers' Association Political Committee,PAC,Political Committee,715 Spencer Drive,,West Palm Beach,FL,33409,Palm Beach,5612549123,Seleski,Cheyne,,Kerr,Adina,
30278,Palm Beach County PBA Justice PAC,PAC,Political Committee,2100 North Florida Mango Road,,West Palm Beach,FL,334090000,Palm Beach,5616893745,Kazanjian,John,,Deen,Meer,
19934,Palm Beach County Police Benevolent Assc. P.C . & Issues Fund,PAC,Political Committee,2100 North Florida Mango Road,,West Palm Beach,FL,334090000,Palm Beach,5616893745,Kazanjian,John,,Deen,Meer,
60486,Palm Beach Farm PAC,PAC,Political Committee,3019 State Road 15,,Belle Glade,FL,33430,Palm Beach,5619960343,Sodders,Mark,,Soucy,Lance,
89657,Palm Beach Neighbors PAC,PAC,Political Committee,Post Office Box 2140,,Palm Beach,FL,33480,Palm Beach,5616899787,Moran,Tim,,Marcus,Jeff,
79121,Palm Beach Patriots,PAC,Political Committee,Post Office Box 2096,,Palm Beach,FL,33480,Martin,5615737831,Rojas,Candace,A.,Aktas,Erin,
70317,Palm Beach Prosperity Fund,PAC,Political Committee,P.O. Box 10205,,Tallahassee,FL,32302,Leon,8504430243,Roth,Rick,,Zubaly,Mark,
64745,Panhandle Prosperity,PAC,Political Committee,Post Office Box 11192,,Tallahassee,FL,32302,Leon,8505666203,Doster,Russell,S.,Elliott,Sam,
83989,Parental Rights PC,PAC,Political Committee,2055 NW Diamond Creek Way,,Jensen Beach,FL,34957,Martin,7722618100,Millner,Michael,,Millner,Debbie,
83456,Parents and Educators Endorsing Public Schools,PAC,Political Committee,14842 Bonnybridge Drive,#316,Orlando,FL,32826,Orange,1407718992,Gallo,Angie,,Banko,Khanh-Lien,R.
80527,Parents First PC,PAC,Political Committee,"4522 W Village Drive, #655",,Tampa,FL,33624,Hillsborough,8135230326,Choate,Chad,,White,Wendy,
79731,Parents for Accountability in Education,PAC,Political Committee,1375 Jackson Street #202,,Fort Myers,FL,33901,Lee,2399802224,Miller,Terry,,Fenner,Noreen,
85676,Parents For Common Sense PC,PAC,Political Committee,"4522 W Village Drive, #655",,Tampa,FL,33624,Hillsborough,8135230326,Kendust,Rick,,White,Wendy,
61310,PASCO PAC,PAC,Political Committee,33819 Americana Avenue,,Dade City,FL,33525,Leon,8504041000,Maggard,Randy,,Fenner,Noreen,A.
88946,Pathfinders Florida,PAC,Political Committee,152 Coquina Bay Drive,,St. Petersburg,FL,33705,Pinellas,7274792871,Rowles,Jonathan,,,,
60657,Pathology-PAC (FSP-PAC),PAC,Political Committee,527 East Park Avenue,,Tallahassee,FL,32301,Collier,8504041000,Giffler,Ronald,,Fenner,Noreen,A.
89008,Pathway to Prosperity,PAC,Political Committee,"1648 Taylor Road, PMB 144",,Port Orange,FL,32128,Volusia,3868782411,Johansson,Michael,,Fenner,Noreen,A.
88743,Patriot's PAC,PAC,Political Committee,1107 Mangrove RD,,Venice,FL,34293,Sarasota,9415002920,Wedin,Randall,E.,Lamping,Regina,V.
90711,Patriots for Life Fund,PAC,Political Committee,201 South Monroe Street,4th Floor,Tallahassee,FL,32301,Leon,8507240605,Kato,Natalie,,Kato,Natalie,
61051,PCTA-PESPA Fund for Children and Schools,PAC,Political Committee,650 Seminole Boulevard,,Largo,FL,33770,Pinellas,7275856518,Bryant,Thomas,Lee,Gressle,Mary,M
83819,Peggy for the People,PAC,Political Committee,2055 NW Diamond Creek Way,,Jensen Beach,FL,34957,Martin,7722618100,Millner,Michael,,Millner,Debbie,
79190,People Above Politics,PAC,Political Committee,"2100 Salzedo Street, Suite 200",,Coral Gables,FL,33134,Miami-Dade,3054386528,Cabrera,Demi,Busatta,Fiore,Anthony,
88612,People First Leadership PC,PAC,Political Committee,2800 South Adams Street,Unit 5651,Tallahassee,FL,32314,Leon,8506613941,Green,Shelby,,Green,Shelby,
69843,People for Accountable Government,PAC,Political Committee,4914 SW 72 Avenue,,Miami,FL,33155,Miami-Dade,3054450777,Garcia,Rene,,Riesco,Jose,A.
85864,People for Arts and Culture Sarasota,PAC,Political Committee,610 South Boulevard,,Tampa,FL,33606,Hillsborough,8132543369,Clermont,Dan,,Shugar,Ronnie,
73946,People for Coastal Common Sense,PAC,Political Committee,2055 NW Diamond Creek Way,,Jensen Beach,FL,34957,Martin,7722618100,Millner,Michael,,Millner,Michael,
90713,People for Honor Project,PAC,Political Committee,3551 South Blair Stone Road,Suite 105 #50,Tallahassee,FL,32301,Leon,4485005958,Wilson,Nicholas,,Wilson,Nicholas,
84081,People For Less Government,PAC,Political Committee,4914 SW 72 Avenue,,Miami,FL,33155,Miami-Dade,3054450777,Rodriguez,Luis,M.,Riesco,Jose,A
90710,People for Pompano,PAC,Political Committee,201 South Monroe Street,4th Floor,Tallahassee,FL,32301,Leon,8507240605,Kato,Natalie,,Kato,Natalie,
79706,People for Progress,PAC,Political Committee,6500 Cow Pen Road,Suite 202,Miami Lakes,FL,33014,Miami-Dade,3055588964,Aguiar,Alberto,M,Aguiar,Alberto,M
78950,People Over Politics - Florida,PAC,Political Committee,14051 Islamorada Drive,,Orlando,FL,32837,Orange,4073615030,Fetzer,Jeremy,,Fetzer,Jeremy,
64200,People's Trust PAC,PAC,Political Committee,527 East Park Avenue,,Tallahassee,FL,32301,Leon,8504041000,Doll,Diane,L.,Fenner,Noreen,A.
50722,Personhood Florida,PAC,Political Committee,PO Box 493000,,Leesburg,FL,34749,St. Lucie,7728737187,Rogers,John,C.,Hataway,Kitti,
60656,PEST-PAC,PAC,Political Committee,527 East Park Avenue,,Tallahassee,FL,32301,Duval,8504041000,Graham,Suzanne,,Brantley,Sean,
60851,PetroPAC,PAC,Political Committee,Post Office Box 13543,,Tallahassee,FL,32317,Leon,8508775178,Howell,Jared,C.,Rooney,Charles,E.
69924,Pharmacists for Improved Health Care Outcomes- FSHP PAC,PAC,Political Committee,527 East Park Avenue,,Tallahassee,FL,32301,Leon,8504041000,Baldwin,Kathleen,,Fenner,Noreen,A.
60952,Physicians for Emergency Care,PAC,Political Committee,400 N Wymore Rd,,Winter Park,FL,32789,Orange,4072817396,Buchanan,Blake,,Keahey,Melissa,
64171,Physicians Society of Central Florida Political Action Committee,PAC,Political Committee,522 S Hunt Club Blvd #412,,Apopka,FL,32703,Orange,8442347800,Sheela,Harinath,,Cobbe,Fraser,
89182,"Pinellas Coalition for Public Schools, Inc.",PAC,Political Committee,650 Seminole Boulevard,,Largo,FL,33770,Pinellas,7275856518,Bryant,Thomas,Lee,Gressle,Mary,
34204,Pinellas County Chiropractic Society Political Action Comte.,PAC,Political Committee,Post Office Box 1287,,Tarpon Springs,FL,34688,Pinellas,7279437354,Langheier,Cris,E.,Hughes,Thomas,E.
79338,Pinellas County Young Democrats,PAC,Political Committee,3680 46th,Apt 331,St Petersburg,FL,33711,Pinellas,7276859719,Lawson,Blaine,,Thurlow,George,
45461,Pinellas Stonewall PAC,PAC,Political Committee,2250 1st Avenue North,,Saint Petersburg,FL,33713,Pinellas,7272789062,Boylan,Rick,,Carp,Joe,
88721,Pink America PAC,PAC,Political Committee,10175 Fortune Parkway,Unit 1103-163,Jacksonville,FL,32256,Broward,9545938826,Rose,Amy,,Rose,Amy,
89533,PinPoint Results Political Committee,PAC,Political Committee,527 East Park Avenue,,Tallahassee,FL,32301,Leon,8504041000,Maine,Jason,,Fenner,Noreen,A.
60967,Plumbers & Pipefitters Local 123 PAC Fund,PAC,Political Committee,3601 North McIntosh Road,,Dover,FL,33527,Hillsborough,8136360123,Cranker,Richard,,O'Berry-Boatright,Karla,
88656,Pocotopaug 1915,PAC,Political Committee,610 South Boulevard,,Tampa,FL,33606,Hillsborough,8132543369,Berfield,Kimberly,,Watkins,Nancy,H.
60586,Polk County FarmPAC,PAC,Political Committee,1350 E. Main St. Bldg. A Ste.4,PO Box 838,Bartow,FL,33881,Polk,8635330561,Story,Kyle,R.,Myers III,C.B.,
84720,Polk County Firefighters PAC,PAC,Political Committee,317 Oak Landing Drive,,Mulberry,FL,33860,Polk,8635591178,Walsh,Derek,,Holland,Chris,
60908,Polk Education Association PAC,PAC,Political Committee,730 East Davidson Street,,Bartow,FL,33830,Polk,8635330908,Cameron,Susan,,Nickell,Kat,
78865,Polk Jobs for Everyone,PAC,Political Committee,120 South Monroe Street,,Tallahassee,FL,32301,Leon,8507277087,Malott,Sean,,Ramba,David,E.
64988,Pompano Fire PAC PC,PAC,Political Committee,4230 NW 2nd Ct,,Deerfield Beach,FL,33442,Leon,9546502255,Weidman,Neil,,Morosini,Fred,
89271,Ponte Vedra Democratic Club,PAC,Political Committee,Post Office Box 7,,Ponte Vedra Beach,FL,32082,St. Johns,9043953307,Atkinson,Laura,V,Kary,Susan,E
61163,Pool Industry Political Action Committee,PAC,Political Committee,2555 Porter Lake Drive,Suite 106,Sarasota,FL,34240,Sarasota,9419529293,Moser,Michelle,,Knight,Misty,
34157,"Port Everglades Association PAC, Inc.",PAC,Political Committee,"1850 Eller Drive, Suite 405",,Ft. Lauderdale,FL,333160000,Broward,9544632801,Baer,Lori,,Baer,Lori,
89831,Posterity PAC,PAC,Political Committee,Post Office Box 1543,,Miami Beach,FL,33119,Miami-Dade,3054075842,Olsen,Brendan,,Olsen,Brendan,
4862,"Preferred Materials, Inc. PAC",PAC,Political Committee,1615 L St NW,Suite 400,Washington,DC,,,2028025937,Laing,Kenneth,,Laing,Kenneth,
79299,Prescription for Florida's Prosperity,PAC,Political Committee,527 East Park Avenue,,Tallahassee,FL,32301,Leon,8504041000,Abbott,Shane,,Fenner,Noreen,
89822,Preserve Florida PC,PAC,Political Committee,133 Harbor Drive South,,Venice,FL,34285,Sarasota,9414887794,Dilmore,James,,Robinson,Eric,
84736,"Preserve, Protect, and Defend",PAC,Political Committee,5335 NW 87th Ave Ste C109,"Attention Ed Vidal, Box 278",Doral,FL,33178,Miami-Dade,7137256169,Vidal,Eduardo,,Williams,Sean,
79717,Preserving Florida's Freedom,PAC,Political Committee,"115 East Park Avenue, Suite 1",,Tallahassee,FL,32301,Leon,3522755004,Jones,William,S.,Jones,William,S.
74976,Preserving Freedom,PAC,Political Committee,115 East Park Avenue,Suite 1,Tallahassee,FL,32301,Leon,3522755004,Jones,Williams,S.,Jones,William,S.
69455,Principled Leaders for Florida,PAC,Political Committee,7555 20th Street,,Vero Beach,FL,32966,Indian River,7725690000,Grall,Erin,,Fenner,Noreen,A.
60413,Principled Leadership for Florida PC,PAC,Political Committee,Post Office Box 1701,,Tallahassee,FL,323021701,,8505674878,Herron,Mark,,Herron,Mark,
78955,Principled Moral Conservatism,PAC,Political Committee,4914 SW 72 Avenue,,Miami,FL,33155,Miami-Dade,3054450777,Rizo,Alex,,Riesco,Jose,A.
84051,Pro Choice Florida Political Action Committee,PAC,Political Committee,Post Office Box 62422,,Fort Myers,FL,33906,Lee,2393515574,Banyai,Cindy,,Ault,Mellissa,
83727,Problem Solving PAC,PAC,Political Committee,Post Office Box 30265,,Fort Lauderdale,FL,33303,Broward,9547670300,Rosenstein,Jared,,Blank,Jason,B.
69759,"Professional Firefighters of Miramar, IAFF, Local 2820 PAC",PAC,Political Committee,14359 Miramar Parkway #482,,Miramar,FL,33027,Broward,9546687841,Zelaya,Frank,,Dodge,Erik,
89932,Progress for Pasco,PAC,Political Committee,2016 East Jefferson Street,,Orlando,FL,32803,Orange,7573109469,Hottenstein,Scott,,Hottenstein,Scott,
74496,Progress Fort Lauderdale,PAC,Political Committee,Post Office Box 30295,,Fort Lauderdale,FL,33303,Broward,9547670300,Haber,Jason,H.,Blank,Jason,B.
79617,Progressive Youth PC,PAC,Political Committee,1212 East Paris Street,,Tampa,FL,33604,Hillsborough,3212775115,Fox,John,T.,Fox,John,T.
74101,Progressives,PAC,Political Committee,115 East Park Avenue,Suite 1,Tallahassee,FL,32301,Leon,3522755004,Jones,William,S.,Jones,William,S.
89392,Progressives For Accountability,PAC,Political Committee,c/o Gloria Maggiolo,"6619 S. Dixie Highway, No 148",Miami,FL,33143,Miami-Dade,3056472666,Pollara,Benjamin,,Maggiolo,Gloria,
79372,Project Freedom & Libertad,PAC,Political Committee,1742 West Flagler Street,,Miami,FL,33135,Miami-Dade,7867624990,Ulvert,Christian,,Kuhn,Maria,
84490,Prosper Lake Worth Beach,PAC,Political Committee,508 North A Street,,Lake Worth Beach,FL,33460,Palm Beach,5612647369,Fisher,Margaret,L,Fisher,Margaret,L
60880,Prosperity Florida,PAC,Political Committee,610 South Boulevard,,Tampa,FL,33606,Collier,8132543369,Grady,Thomas,R.,Watkins,Nancy,
84350,"Prosperous Education for Florida, LLC",PAC,Political Committee,18002 Richmond Place Dr.,Unit 1125,Tampa,FL,33647,Hillsborough,8134937705,Fryer,Robert,,Massey,Candis,S
89804,Protect & Serve PBC,PAC,Political Committee,120 South Monroe Street,,Tallahassee,FL,32301,Leon,8507277087,Ramba,David,E.,Ramba,David,E.
84132,Protect Florida Families,PAC,Political Committee,3702 West Spruce Street #1143,,Tampa,FL,33607,Hillsborough,8045910050,McIntyre,Dustin,,McIntyre,Dustin,
88698,Protect Jax,PAC,Political Committee,1722 Northwest 80th Boulevard,Suite 90,Gainesville,FL,32606,Alachua,3522755004,Jones,William,S.,Jones,William,S.
84403,Protect Lee County,PAC,Political Committee,1722 Northwest 80th Blvd,Suite 90,Gainesville,FL,32606,Alachua,3522755004,Jones,William,S,Jones,William,S.
90362,Protect Miami Lakes,PAC,Political Committee,6619 South Dixie Highway #148,,Miami,FL,33143,Miami-Dade,7865541716,Sanchez,Alejandro,,Maggiolo,Gloria,
61500,"Protect Our Constitution, Inc.",PAC,Political Committee,Post Office Box 11309,,Tallahassee,FL,32302,Leon,8505211200,Wilson,Mark,,DeWitt,Parker,
88614,Protect Our Democracy,PAC,Political Committee,9715 West Broward Boulevard,#246,Plantation,FL,33324,Broward,7545814869,Nevins,Aaron,,Nevins,Aaron,
74014,Protect Our Florida Values,PAC,Political Committee,2100 SALZEDO STREET STE 200,,CORAL GABLES,FL,33134,Leon,3054386528,Shoaf,Jason,,Fiore,Anthony,
78850,Protect Our Future PC,PAC,Political Committee,Post Office Box 30265,,Fort Lauderdale,FL,33303,Leon,9547670300,Blank,Jason,B.,Blank,Jason,B.
78897,Protect Our Jobs PC,PAC,Political Committee,1107 Key Plaza #318,,Key West,FL,33040,Pasco,3052444393,Garcia Del Rio,Maria,Isabel,Garcia Del Rio,Maria,Isabel
84308,Protect Our Kids,PAC,Political Committee,Post Office Box 20252,,St. Petersburg,FL,33742,Pinellas,8133357472,Goode,Rachel,,Jodoin,Jamie,C
73667,Protect Our Neighborhoods,PAC,Political Committee,120 South Monroe Street,,Tallahassee,FL,32301,Leon,8507277087,Ramba,David,E.,Ramba,David,E.
89590,Protect Walton County Tourism,PAC,Political Committee,120 South Monroe Street,,Tallahassee,FL,32301,Leon,8507277087,Edwards,Tiffany,,Ramba,David,E.
66402,Protecting Coastal Communities,PAC,Political Committee,2618 Centennial Place,,Tallahassee,FL,32308,Leon,8505674878,Herron,Mark,,Herron,Mark,
69508,Protecting Florida's Future,PAC,Political Committee,2055 NW Diamond Creek Way,,Jensen Beach,FL,349574427,Martin,7722618100,Mariano,Amber,,Millner,Michael,
83776,Protecting Florida's Homeowners,PAC,Political Committee,"4522 W Village Drive, #655",,Tampa,FL,33624,Hillsborough,8135230326,Kendust,Rick,,White,Wendy,
78975,Protecting Florida's Progress,PAC,Political Committee,527 East Park Avenue,,Tallahassee,FL,32301,Leon,8504041000,Piccolo,Thomas,,Fenner,Noreen,A.
90106,Protecting Lake County,PAC,Political Committee,1722 Northwest 80th Boulevard,Suite 90,Gainesville,FL,32606,Alachua,3522755004,Jones,William,S.,Jones,William,S.
89347,Protecting Manatee Values,PAC,Political Committee,2640A Mitcham Drive,,Tallahassee,FL,32308,Leon,8508771099,Varnadore,Jordan,,Heitmeyer,Rich,
80344,Protecting our Future,PAC,Political Committee,115 East Park Avenue,Suite 1,Tallahassee,FL,32301,Leon,3522755004,Jones,William,S.,Jones,William,S.
69747,Protecting Our Students,PAC,Political Committee,4675 South Tamiami Trail,,Sarasota,FL,34231,Sarasota,9419229022,Ingerick,Rex,,Anzures,Samantha,
71195,Proven Leadership for Miami-Dade County PC,PAC,Political Committee,1481 Northwest 22nd Street,,Miami,FL,33142,Miami-Dade,7868319172,Diaz de la Portilla,Alex,,Diaz de la Portilla,Alex,
71194,PSM PAC,PAC,Political Committee,Post Office Box 10930,,Tallahassee,FL,32302,Leon,8506817383,Matthews,Ryan,Edward,Matthews,Ryan,E.
60807,Psychologists of Florida Political Action Committee,PAC,Political Committee,PO Box 7416,,Tallahassee,FL,32314,Manatee,8506562222,D'Arienzo,Justin,,Fowble,Danna,C.
61035,Public Adjusters for the Insuring Public PC,PAC,Political Committee,527 East Park Avenue,,Tallahassee,FL,32301,Leon,8504041000,Drillich,Craig,,Phillips,Don,
79000,"Public Education Defense Fund, Inc.",PAC,Political Committee,213 South Adams Street,,Tallahassee,FL,32301,Leon,8502242078,Gauronskas,Carole,,Swords,Amber,
91196,Public Power St. Pete,PAC,Political Committee,Post Office Box 30265,,Fort Lauderdale,FL,33316,Broward,9547670300,Kaddis,Samantha,,Blank,Jason,B.
89970,Public Safety Over Politics PAC,PAC,Political Committee,201 South Monroe Street,4th Floor,Tallahassee,FL,32301,Leon,8507240605,Kato,Natalie,,Kato,Natalie,
61317,Public Service,PAC,Political Committee,1000 Island Blvd,Suite 1404,Aventura,FL,33160,Miami-Dade,3053316300,Ross,Evan,,Ross,Evan,
80167,Public Service Not Self Service,PAC,Political Committee,527 East Park Avenue,,Tallahassee,FL,32301,Leon,8504041000,Turros,Denise,Galvez,Fenner,Noreen,A
79224,PuppyPC,PAC,Political Committee,1563 Capital Circle SE #142,,Tallahassee,FL,32301,Leon,8507240605,Kato,Natalie,,Kato,Natalie,
90655,Putnam Conservative Alliance,PAC,Political Committee,527 East Park Avenue,,Tallahassee,FL,32301,Leon,8504041000,Troiano,Jim,,Fenner,Noreen,A
79334,Putting Children First,PAC,Political Committee,"100 S. Ashley Dr., Suite 500",,Tampa,FL,33602,Pinellas,3045497488,Weintraub,Marc,R.,Ryder,Kaley,
84756,Putting Florida Values First,PAC,Political Committee,"1722 NW 80th Blvd., Suite 90",,Gainesville,FL,32606,Alachua,3522755004,Jones,William,S.,Jones,William,S.
78816,Putting Floridians First,PAC,Political Committee,Post Office Box 5651,,Tallahassee,FL,32314,Leon,8506613941,Green,Shelby,,Green,Shelby,
88641,Putting People and Community First,PAC,Political Committee,10700 Beach Boulevard,Unit 17575,Jacksonville,FL,32246,Duval,9044447436,Wakefield-Gamble,Therese,V.,Wakefield-Gamble,Therese,V.
89162,Putting Wellington First,PAC,Political Committee,Post Office Box 1701,,Tallahassee,FL,323021701,Leon,8505764878,Herron,Mark,,Herron,Mark,
83324,Quiet Professionals FL,PAC,Political Committee,301 W. Platt Street,Suite A-446,Tampa,FL,33606,Leon,8132543369,Collins,Jay,,Watkins,Nancy,H.
60811,Radiology Political Action Committee,PAC,Political Committee,5620 West Sligh Avenue,,Tampa,FL,33634,Broward,8138061070,Epstein,David,H.,Hunter,Stephen,
89204,"Rainbow Democrats, Inc",PAC,Political Committee,1401 Henry Balch Drive,,Orlando,FL,32810,Orange,3524344683,Schaff,Rebecca,,Schaff,Rebecca,
89568,Reach out Florida,PAC,Political Committee,Post Office Box 600332,,St.Johns,FL,32260,St. Johns,9044603265,Chapman,Mary,J.,Chapman,Mary,J.
60791,"Real Property, Probate & Trust Law PAC",PAC,Political Committee,5332 Main Street,,New Port Richey,FL,34652,Leon,7278472288,Waller,Roland,,Butters,Sarah,
69553,Realtors Issues Mobilization Committee,PAC,Political Committee,7025 Augusta National Drive,,Orlando,FL,32822,Leon,4074381400,Grant,Margy,,Garrison,Dave,
61239,Realtors Political Action Committee,PAC,Political Committee,7025 Augusta National Drive,,Orlando,FL,328225017,Leon,4075871437,Rector,Deborah,,Garrison,David,
61237,Realtors Political Activity Committee,PAC,Political Committee,7025 Augusta National Drive,,Orlando,FL,328225017,Okaloosa,4075871437,Rector,Deborah,,Garrison,David,
60584,Realtors Political Advocacy Committee,PAC,Political Committee,7025 Augusta National Drive,,Orlando,FL,328225017,Orange,4075871437,Rector,Deborah,,Garrison,David,
80153,Red Wave United PC,PAC,Political Committee,2100 Salzedo Street,Suite 200,Coral Gables,FL,33134,Miami-Dade,3054386528,Suarez,Jesus,M,Fiore,Anthony,
89046,Representing You,PAC,Political Committee,201 South Monroe Street,4th Floor,Tallahassee,FL,32301,Leon,8507240605,Kato,Natalie,,Kato,Natalie,
79240,Republican Liberty Caucus of Central East Florida,PAC,Political Committee,512 Southern Hills Court,,Melbourne,FL,32940,Brevard,3214034441,White,Robert,W.,Venerable,Tracy,
88522,Rescue Hillsborough PC,PAC,Political Committee,"4522 W Village Drive, #655",,Tampa,FL,33624,Hillsborough,8135230326,Boles,Chris,,White,Wendy,
90810,Resident First Alliance,PAC,Political Committee,2600 South Douglas Road,Suite 800,Coral Gables,FL,33134,Miami-Dade,3057728956,Fernandez,Ariel,,Trueba,Carlos,
74819,Residents Alliance,PAC,Political Committee,10055 Yamato Rd.,Ste. 110,Boca Raton,FL,33498,Palm Beach,5618868165,Meyers,Jay,,Meyers,Jay,
88766,Residents First,PAC,Political Committee,"3006 Aviation Avenue, Suite 3A",,Miami,FL,33133,Miami-Dade,7864657515,Torgas,Ed,,Machado,Javier,Banos
89010,Residents for a Brighter Lake Worth Beach,PAC,Political Committee,Post Office Box 261,,Lake Worth Beach,FL,33460,Palm Beach,8502120226,Wright,Martha,,Fenner,Noreen,A.
84750,Residents for Good Government,PAC,Political Committee,Post Office Box 30295,,Fort Lauderdale,FL,33303,Broward,9547670300,Nizel,Harris,,Blank,Jason,B.
88765,Residents United for Good Government,PAC,Political Committee,"3006 Aviation Avenue, Suite 3A",,Miami,FL,33133,Miami-Dade,7864657515,Torgas,Ed,,Machado,Javier,Banos
79427,Responsibility In Florida,PAC,Political Committee,Post Office Box 30295,,Fort Lauderdale,FL,33303,Broward,9547670300,Haber,Jason,H.,Blank,Jason,B.
84496,Responsible Florida,PAC,Political Committee,37 North Orange Avenue,Suite 500,Orlando,FL,32801,,8137286331,Mitchell,Christopher,,Mitchell,Christopher,
88549,Responsible Leadership Council of Florida,PAC,Political Committee,1722 Northwest 80th Boulevard,Suite 90,Gainesville,FL,32606,Alachua,3522755004,Jones,William,S.,Jones,William,S.
91091,Responsible Leadership Jacksonville,PAC,Political Committee,527 East Park Avenue,,Tallahassee,FL,32301,Leon,8504041000,Reichard,Richard,,Fenner,Noreen,A.
70475,Responsible Municipal Government Committee,PAC,Political Committee,4914 SW 72 Avenue,,Miami,FL,33155,Miami-Dade,3054450777,Connolly,Shane,,Riesco,Jose,A.
89866,Restore Our Community,PAC,Political Committee,3150 Southwest Captiva Court,,Palm City,FL,34990,Martin,3054075842,Olsen,Brendan,,Olsen,Brendan,
89559,Revive Florida,PAC,Political Committee,3680 46th Avenue South,Unit 331,St. Petersburg,FL,33711,Pinellas,7276859719,Thurlow,George,,Thurlow,George,
89833,Right Choice Committee,PAC,Political Committee,Post Office Box 20252,,St. Petersburg,FL,33702,Pinellas,9418093030,LaCivita,Frank,J.,Jodoin,Jamie,C.
93229,RINO Hunter,PAC,Political Committee,"1722 NW 80th Blvd, Suite 90",,Gainesville,FL,32606,Alachua,3522755004,Jones,William,S.,Jones,William,S.
88769,Rise Up Miami,PAC,Political Committee,Post Office Box 420935,,Miami,FL,33242,Miami-Dade,3055283797,Hepburn,Michael,,Hepburn,Michael,
84689,Rising Stars PC,PAC,Political Committee,201 South Monroe Street,4th Floor,Tallahassee,FL,32301,Leon,8507240605,Kato,Natalie,,Kato,Natalie,
89393,River City Forward,PAC,Political Committee,527 East Park Avenue,,Tallahassee,FL,32301,Leon,8504041000,Lewis,Shamari,,Fenner,Noreen,
83540,Roundtable Miami P.C.,PAC,Political Committee,500 Northwest 2nd Avenue,#10245,Miami,FL,33101,Miami-Dade,7272595368,Bartolo,Frankie,De,Prophete,Val,
60809,RPPTL-PAC,PAC,Political Committee,3033 Riviera Drive,Suite 104,Naples,FL,34103,Hillsborough,2396497778,Lile,Laird,A.,Butters,Sarah,
62090,RS&H Political Action Committee,PAC,Political Committee,10748 Deerwood Park Blvd. #300,,Jacksonville,FL,32256,Duval,4078935873,Walz,John,F.,Wheeler,Andrew,P.
80290,Running with Andy Thomson,PAC,Political Committee,9200 Belvedere Road,Suite 202,West Palm Beach,FL,33411,Palm Beach,5616899787,Asnani,Rick,,LeeBove,Kim,
60681,Ruth's List Florida,PAC,Political Committee,Post Office Box 7368,,Saint Petersburg,FL,33734,Pinellas,9177487210,Schulaner,Felice,,Parrish,Pauline,
84266,Safe Again Leon,PAC,Political Committee,Post Office Box 11012,,Tallahassee,FL,32302,Leon,8502161002,McNeil,Walt,,Dudley,Dana,
79192,Safe Arboriculture for Florida,PAC,Political Committee,527 East Park Avenue,,Tallahassee,FL,32301,Leon,8504041000,Calley,Rob,,Fenner,Noreen,A.
84328,Safeguarding Our Students Futures,PAC,Political Committee,527 East Park Avenue,,Tallahassee,FL,32301,Duval,8504041000,Burton,Pamela,,Fenner,Noreen,A.
79059,Safer Delray PAC,PAC,Political Committee,14545 South Military Trail,Suite J196,Delray Beach,FL,33484,Palm Beach,5617192190,Mahoney,Craig,,Mockenhaupt,Crista,
84257,Safer Florida,PAC,Political Committee,527 East Park Avenue,,Tallahassee,FL,32301,Leon,8504041000,Johnson,David,,Fenner,Noreen,A
69950,Safer Stronger Florida,PAC,Political Committee,Post Office Box 16061,,St. Petersburg,FL,33733,Pinellas,3212775115,Fox,John,T.,Brill,Jonathan,
93188,Sarasota Conservatives,PAC,Political Committee,"1722 NW 80th Blvd, Suite 90",,Gainesville,FL,32606,Alachua,3522755004,Jones,William,S.,Jones,William,S.
89844,Sarasota County Conservatives,PAC,Political Committee,133 Harbor Drive South,,Venice,FL,34285,Sarasota,9414887794,Frank,Rachel,,Robinson,Eric,
89076,Sarasota County Medical Society PAC,PAC,Political Committee,"8437 Tuttle Avenue, Suite 137",,Sarasota,FL,34243,Sarasota,9419663134,Adams,William,B.,Abrams,Jody,G.
89767,Sarasota Families for Educational Excellence,PAC,Political Committee,133 Harbor Dr S,,Venice,FL,34286,Leon,9414887794,Girstl,Sebastian,,Robinson,Eric,
80723,Sarasota For Local Leadership,PAC,Political Committee,783 South Orange Avenue,Third Floor,Sarasota,FL,34236,Sarasota,9415569030,Goodrich,Brian,,Goodrich,Brian,
89361,Sarasota Youth PAC,PAC,Political Committee,2910 Hawthorne Street,,Sarasota,FL,34239,Sarasota,3852165941,Martinez,Sebastian,,Frisbie,Anthony,Joseph
83460,Sarasota/Manatee Defense Fund Political Committee,PAC,Political Committee,527 East Park Avenue,,Tallahassee,FL,32301,Leon,8504041000,Holderness,Michael,,Fenner,Noreen,A.
61569,"SAVE Action, PAC",PAC,Political Committee,"1101 Brickell Ave, South Tower",8th Floor,Miami,FL,33131,Miami-Dade,3057517283,Delmay,Todd,,Pareto,Catherina,
89676,Save Boca Now,PAC,Political Committee,Post Office Box 20252,,St. Petersburg,FL,33742,Pinellas,8133357472,Pearlman,Jonathan,,Jodoin,Jamie,C.
93227,Save Deerfield Beach,PAC,Political Committee,Post Office Box 1701,,Tallahassee,FL,323021701,Leon,8505674878,Herron,Mark,,Herron,Mark,
88547,Save Florida Home Rule,PAC,Political Committee,Post Office Box 4137,,Anna Maria,FL,342164137,Manatee,9414449503,Ehren,Barbara,J.,Eiseler,Cathleen,
89594,Save Our Future,PAC,Political Committee,301 W. Platt Street,Unit 92,Tampa,FL,33606,Hillsborough,8136902727,Schiff,April,,Jodoin,Jamie,C.
74809,Save Our Quality of Life,PAC,Political Committee,"4522 W Village Drive, #655",,Tampa,FL,33624,Hillsborough,8135230326,White,Wendy,,White,Wendy,K.
79866,Save Our Schools,PAC,Political Committee,2051 Country Club Drive,,Tallahassee,FL,32301,Leon,8507240605,Kato,Natalie,,Kato,Natalie,
93183,Saving Coastal Communities,PAC,Political Committee,Post Office Box 1701,,Tallahassee,FL,323021701,Leon,8505674878,Herron,Mark,,Herron,Mark,
84852,Saving Floridas Heartland Political Committee,PAC,Political Committee,"4522 W Village Drive, #655",,Tampa,FL,33624,Hillsborough,8135230326,Grimsley,Denise,P.,White,Wendy,
83433,Saving Our City PC,PAC,Political Committee,3733 University Blvd W,Suite #212F,Jacksonville,FL,32217,Duval,8433644403,McKinnon,Robert,,McKinnon,Robert,
93214,Saving Sweetwater,PAC,Political Committee,"201 S Monroe Street, 4th Floor",,Tallahassee,FL,32301,Leon,8507240605,Kato,Natalie,,Kato,Natalie,
83471,School Boards Matter,PAC,Political Committee,120 South Monroe Street,,Tallahassee,FL,32301,Leon,8507277087,Ramba,David,E,Ramba,David,E
89489,Section 31 Committee,PAC,Political Committee,87095 Kipling Drive,,Yulee,FL,32097,Nassau,9045768390,Wolf,Jennifer,,Wolf,Jennifer,
84948,Secure Our Borders PC,PAC,Political Committee,2055 NW Diamond Creek Way,,Jensen Beach,FL,34957,Martin,7722618100,Millner,Michael,,Millner,Debbie,
88668,Secure Our Children's Future,PAC,Political Committee,2625 Oakgrove Ave,,St Augustine,FL,32092,Hillsborough,8135230326,Joyner,Joseph,G.,Whtie,Wendy,
70249,Securing Our Community Hospitals,PAC,Political Committee,2640-A Mitcham Drive,,Tallahassee,FL,323085400,Leon,8508771099,DiLallo,Kevin,,Heitmeyer,Rich,
89207,Seismic Resistance,PAC,Political Committee,"207 E. Livingston St., Suite 2",,Orlando,FL,32801,Orange,4075388885,Dictor,Arlynne,,Sipes,Julie,
86316,SEIU Florida PAC,PAC,Political Committee,1601 Northwest 8th Avenue,,Miami,FL,33136,Palm Beach,3056206555,Baker,Martha,,O'Brien,Helene,
69310,Seminole County Professional Firefighters,PAC,Political Committee,201 S Elm Avenue,,Sanford,FL,32771,Seminole,3216897106,Arthur,Craig,,Arthur,Craig,
74488,Seminole Forward,PAC,Political Committee,Po Box 5651,,Tallahassee,FL,32314,Seminole,8506613941,Baker,Pasha,,Green,Shelby,
74546,Seminole Public Education PAC,PAC,Political Committee,813 Orienta Avenue,,Altamonte Springs,FL,32701,Seminole,4073881131,Dumes,Becky,,McCallister,Gretchen,
74274,Senate Victory PC,PAC,Political Committee,Post Office Box 1701,,Tallahassee,FL,32302,Leon,8505674878,Herron,Mark,,Herron,Mark,
89517,Seniors First Florida,PAC,Political Committee,527 East Park Avenue,,Tallahassee,FL,32301,Leon,8504041000,Piccolo,Tom,,Fenner,Noreen,
75148,Serious Conservatives PC,PAC,Political Committee,"115 East Park Avenue, Suite 1",,Tallahassee,FL,32301,Leon,3522755004,Jones,William,S.,Jones,William,S.
75046,Service and Honor,PAC,Political Committee,115 East Park Avenue,Suite 1,Tallahassee,FL,32301,Leon,3522755004,Jones,William,S.,Jones,William,S.
89372,Service First PC,PAC,Political Committee,2640-A Mitcham Drive,,Tallahassee,FL,32308,Leon,8508771099,Brandon,Adam,,Heitmeyer,Rich,
89505,Shark Tank Entrepreneur John D. Smith 4 My Florida CFO,PAC,Political Committee,Post Office Box 540424,,Orlando,FL,32854,Orange,4074235959,Smith,John,Daniel,Kruse,Lark,Mary
60862,Sheet Metal Workers Local 15 Political Action League,PAC,Political Committee,5619 North 50th Street,,Tampa,FL,33610,Hillsborough,8136280021,McCord,Brian,A,Woolums,Robert,E.
60731,Sheet Metal Workers Local 435 Political Action Committee,PAC,Political Committee,8374 DEVOE ST.,,Jacksonville,FL,32220,Duval,9043981838,Fout,Lance,E.,Fout,Lance,E.
85165,ShellPC,PAC,Political Committee,201 South Monroe Street,4th Floor,Tallahassee,FL,32301,Leon,8507240605,Kato,Natalie,,Kato,Natalie,
85888,Shining Wisdom PC,PAC,Political Committee,"4522 W Village Drive, #655",,Tampa,FL,33624,Hillsborough,8135230326,White,Wendy,,White,Wendy,
89850,Show Vets Respect,PAC,Political Committee,133 Harbor Drive South,,Venice,FL,34285,Sarasota,9414887794,Frost,Shawn,,Robinson,Eric,
79466,Shumaker Florida Political Committee,PAC,Political Committee,610 South Boulevard,,Tampa,FL,33606,Hillsborough,8132543369,Christaldi,Ronald,A.,Watkins,Nancy,H.
70144,Sierra Club Florida Political Action Committee,PAC,Political Committee,220 Lakeview Drive,#305,Weston,FL,33326,Broward,9542963411,Cunningham,Kris,,Goldstein,Max,
65295,SLC Firefighters PC,PAC,Political Committee,120 South Monroe Street,,Tallahassee,FL,323010000,Leon,8507277087,Chandler,Charles,,Sapp,Ryan,
83475,Smart & Safe Florida,PAC,Political Committee,1400 Village Square Boulevard,Suite 3-321,Tallahassee,FL,32312,Leon,4078154641,Bellamy,David,,Gay,Andrew,
69461,Social Justice PAC,PAC,Political Committee,1563 Capital Circle SE #395,,Tallahassee,FL,32311,Leon,8506588239,Mclnnis,L.,,Mclnnis,L.,
61165,Solar Power Political Action Committee,PAC,Political Committee,5077 Fruitville Rd,Suite 109-206,Sarasota,FL,34232,Sarasota,4073392010,Vandenbroeck,Justin,,Parker,Wendy,
74971,South County Conservatives,PAC,Political Committee,527 East Park Avenue,,Tallahassee,FL,32301,Leon,8504041000,Thompson,Collin,,Fenner,Noreen,A.
73747,South Florida Accountability Project,PAC,Political Committee,Post Office Box 30265,,Fort Lauderdale,FL,33303,Broward,9547670300,Haber,Jason,H.,Blank,Jason,B.
61017,South Florida Citizens for Justice,PAC,Political Committee,218 South Monroe Street,,Tallahassee,FL,32301,Leon,8502249403,Cain,Stephen,F.,Kroeger,Leslie,Mitchell
60849,South Florida Council of Fire Fighters PC,PAC,Political Committee,8000 NW 21st Street,Suite 205,Miami,FL,33122,Miami-Dade,9543283274,O'Brien,John,E.,Lynch,Brian,
79485,South Florida Solutions PC,PAC,Political Committee,527 East Park Avenue,,Tallahassee,FL,32301,Leon,8504041000,Johnson,David,,Fenner,Noreen,A.
90613,South Lake Citizens Coalition,PAC,Political Committee,810 West Montrose Street,,Clermont,FL,34771,Lake,4072717895,Bianchi,Patrick,,Berriel,Joao,
60762,Southeast Florida Chamber Alliance,PAC,Political Committee,Post Office Box 11309,,Tallahassee,FL,32302,Leon,8505211200,Walker III,Frank,C,DeWitt,Parker,
64372,Southernmost Preservation Fund,PAC,Political Committee,102411 Overseas Highway,,Key Largo,FL,33037,Monroe,3058529898,Ritz,David,,Wallace,Audra,Hill
60761,Southwest Florida Chamber Alliance,PAC,Political Committee,Post Office Box 11309,,Tallahassee,FL,32302,Leon,8505211200,Walker III,Frank,C,DeWitt,Parker,
74338,Southwest Florida Jobs Alliance,PAC,Political Committee,1375 Jackson Street,Suite 202,Fort Myers,FL,33901,Lee,8504041000,Miller,Terry,,Fenner,Noreen,
60433,Southwest Florida Professional Firefighters & Paramedics PC,PAC,Political Committee,12651 McGregor Boulevard,Suite 2-203,Fort Myers,FL,33919,Lee,2393348222,Young,Angela,,Garcia,Henry,
84708,Southwest Florida Strong,PAC,Political Committee,201 South Monroe Street,4th Floor,Tallahassee,FL,32301,Leon,8507240605,Kato,Natalie,,Kato,Natalie,
89564,Spreading Florida Sunshine,PAC,Political Committee,610 South Boulevard,,Tampa,FL,33606,Hillsborough,8132543369,Griffin,Melanie,,Watkins,Nancy,H.
89187,Springs Forward,PAC,Political Committee,Post Office Box 30295,,Fort Lauderdale,FL,33303,Broward,9547670300,Simmons,Joshua,,Blank,Jason,B.
60966,St. Johns Education Association PAC,PAC,Political Committee,1855 Wells Road,Unit 5A,Orange Park,FL,32073,Broward,9042648810,Dillon,Michelle,,Moretta,Dawn,Brailsford
84401,St. Johns Strong,PAC,Political Committee,1722 Northwest 80th Boulevard,Suite 90,Gainesville,FL,32606,Alachua,3522755004,Jones,William,S,Jones,William,S
74724,St. Lucie County Enterprise PAC,PAC,Political Committee,2580 Rhode Island Avenue,,Fort Pierce,FL,34947,St. Lucie,7725959999,Aronson,Terissa,,Perry,Matthew,
80691,St. Lucie Strong,PAC,Political Committee,527 East Park Avenue,,Tallahassee,FL,32301,Leon,8504041000,Trabulsy,Dana,,Fenner,Noreen,A.
79520,St. Pete First,PAC,Political Committee,Post Office Box 1151,,St. Petersburg,FL,33731,Leon,2026413258,Power,Evan,,Peters,Melissa,
89558,St. Pete Shines,PAC,Political Committee,"204 37th Avenue N, #182",,St. Petersburg,FL,33704,Pinellas,8507240605,Schorsch,Michelle,Todd,Saunders,Joe,
89771,St. Petersburg Progress,PAC,Political Committee,30725 US Highway 19 N.,#245,Palm Harbor,FL,34684,Pinellas,6517693196,Bogen,Adrienne,,Philipczyk,Brandon,
89811,Stand and Protect the Panhandle,PAC,Political Committee,114 6th Street,,Apalachicola,FL,32320,Franklin,8502519021,Harrison,Susie,,Harrison,Susie,
84094,Stand for Freedom,PAC,Political Committee,701 S. Howard Avenue #106-813,,Tampa,FL,33606,Hillsborough,8137330070,Dixson,Catalina,,Keila,Elijah,
93187,Stand up for Sarasota,PAC,Political Committee,201 South Monroe Street,4th Floor,Tallahassee,FL,32301,Sarasota,8507240605,Kato,Natalie,,Kato,Natalie,
89254,Standing the Watch,PAC,Political Committee,527 East Park Avenue,,Tallahassee,FL,32301,Leon,8504041000,Cohill,Brittany,,Fenner,Noreen,"A,"
69681,Star PAC,PAC,Political Committee,4590 Ulmerton Road,,Clearwater,FL,33762,Pinellas,7272163002,Shelly,Tom,,Bennett,David,B.
5374,State South Florida Automobile Dealers PAC,PAC,Political Committee,625 Northeast 124th Street,,North Miami,FL,331610000,,3059475950,Osborn,Marisa,A.,Koebel,Debra,
93230,Stop Domestic Violence Florida,PAC,Political Committee,"1722 NW 80th Blvd, Suite 90",,Gainesville,FL,32606,Alachua,3522755004,Jones,William,S.,Jones,William,S.
88576,Stop Liberal Republicans PC,PAC,Political Committee,1400 Village Square Boulevard,Suite #3-120,Tallahassee,FL,32312,Leon,8505100628,Elliott,Samuel,,Elliott,Samuel,
90589,Strategic Solutions for St. Johns County,PAC,Political Committee,527 East Park Avenue,,Tallahassee,FL,32301,Leon,8504041000,Sutherland,Susan,L,Fenner,Noreen,
88996,Strength in Florida,PAC,Political Committee,2640A Mitcham Drive,,Tallahassee,FL,32308,Leon,8508771099,Camm,Celeste,,Schultz,Katelyn,
60856,Strong Communities of Southwest Florida PC,PAC,Political Committee,120 South Monroe Street,,Tallahassee,FL,32301,Leon,8507277087,Ramba,David,E.,Ramba,David,E.
80329,Strong Community,PAC,Political Committee,1742 West Flagler Street,,Miami,FL,33135,Miami-Dade,7867624990,Williams,Jamila,,Kuhn,Maria,
79078,Strong Leadership,PAC,Political Committee,"115 East Park Avenue, Suite 1",,Tallahassee,FL,32301,Leon,3522755004,Jones,William,S.,Jones,William,S.
69879,Strong Leadership for South Florida,PAC,Political Committee,2600 South Douglas Road,Suite #900,Coral Gables,FL,33134,Miami-Dade,,Grieco,Michael,,Maggiolo,Gloria,
83469,Strong Voices for Florida,PAC,Political Committee,2800 South Adams St.,Unit 5651,Tallahassee,FL,32314,Leon,8506613941,Woodson,Marie,,Green,Shelby,
89935,Stronger NMB,PAC,Political Committee,Post Office Box 122,,Tallahassee,FL,32302,Leon,3056084300,Camara,Christian,R.,Camara,Christian,R.
93232,Stronger Schools for Brevard,PAC,Political Committee,1400 Village Square Blvd,Suite 3-321,Tallahassee,FL,32312,Leon,8503851120,Susin,Matt,,Gay,Andrew,
90129,Stronger Schools for Leon County,PAC,Political Committee,1400 Village Square Boulevard,Suite 3-321,Tallahassee,FL,32312,Leon,8503851120,Hanna,Rocky,,Gay,Andrew,
88963,Stronger Together PC,PAC,Political Committee,4914 SW 72 Avenue,,Miami,FL,33155,Miami-Dade,3054450777,De Le Vega,Melinda,,Miranda,Jeannine,Riesco
88677,Students for Freedom,PAC,Political Committee,1400 Village Square Boulevard,Suite 3-321,Tallahassee,FL,32312,Leon,4078154658,Jones,Andrew,,Gay,Andrew,
91203,Success for All,PAC,Political Committee,4914 SW 72 Avenue,,Miami,FL,33155,Miami-Dade,3054450777,Young,Andrea,,Miranda,Jeannine,Riesco
83457,Sugar Industry Labor Management PAC,PAC,Political Committee,12025 New Dominion Parkway,Suite 112,Reston,VA,20190,Palm Beach,2024870031,Ortis,Frank,,Velasquez,Joe,
60743,Sumter County Education Association Advocacy Fund,PAC,Political Committee,2801 Southwest College Road,Suite 14,Ocala,FL,34474,Marion,3522376275,Sommersdorf,Kim,,Furtado,Peggy,
89260,Sun Coast Conservative Alliance,PAC,Political Committee,1722 Northwest 80th Boulevard,Suite 90,Gainesville,FL,32606,Alachua,3522755004,Jones,William,S,Jones,William,S.
21513,Sun Coast Police Benevolent Association PAC,PAC,Political Committee,"14141 46th Street N., Ste 1205",,Clearwater,FL,33762,Pinellas,7275321722,Vazquez,Jonathan,,Compton,Adam,
64950,Suncoast Better Government Committee,PAC,Political Committee,Post Office Box 20252,,St. Petersburg,FL,33742,Pinellas,8133357472,Butler,Richard,C.,Jodoin,Jamie,C.
5470,Suncoast PAC,PAC,Political Committee,401 East Jackson Street,Suite 2400,Tampa,FL,33602,Hillsborough,8132287411,Gaugush,Kendra,,McVicker,Amy,
79824,Suncoast Supporters PC,PAC,Political Committee,2051 Country Club Drive,,Tallahassee,FL,32301,Leon,8507240605,Kato,Natalie,,Kato,Natalie,
83866,Sunny Health PC,PAC,Political Committee,Post Office Box 30265,,Fort Lauderdale,FL,33303,Broward,9547670300,Kastan,Shira,,Blank,Jason,B.
84354,Sunshine Progress Fund,PAC,Political Committee,711 5th Ave South,,Naples,FL,34102,Collier,5864913372,Bachand,Nicholas,J,Bachand,Nicholas,J
60963,Sunshine State First,PAC,Political Committee,"115 East Park Avenue, Suite 1",,Tallahassee,FL,32301,Leon,8506811029,Jones,William,S.,Jones,William,S.
89424,Sunshine State Growth And Advancement,PAC,Political Committee,8983 Okeechobee Boulevard,Suite 202,West Palm Beach,FL,33411,Palm Beach,5616146394,Williams,Calvin,,Williams,Calvin,
91231,Sunshine State Progress,PAC,Political Committee,261 N University Drive,Suite 500-010,Plantation,FL,33324,Broward,9297681030,Hearn,Shomari,,Hearn,Shomari,
73707,Sunshine State Rising,PAC,Political Committee,115 East Park Avenue,Suite 1,Tallahassee,FL,32301,Leon,3522755004,Jones,William,S.,Jones,William,S.
89539,Sunshine State Values,PAC,Political Committee,"1722 NW 80th Blvd, Suite 90",,Gainesville,FL,32606,Alachua,3522755004,Jones,William,S.,Jones,William,S.
89091,Sunshine State Vision,PAC,Political Committee,1451 West Cypress Creek Road,Suite 300,Fort Lauderdale,FL,33309,Broward,9547271770,Metelus,Jennyfer,,Metelus,Jennyfer,
84411,Support Free Market,PAC,Political Committee,527 East Park Avenue,,Tallahassee,FL,32301,Leon,8504041000,Coppola,Courtney,,Fenner,Noreen,A
84225,Supporting Floridians With Unique Abilities,PAC,Political Committee,527 East Park Avenue,,Tallahassee,FL,32301,Leon,8504041000,Johnson,Jon,,Fenner,Noreen,A
89860,Surfside First,PAC,Political Committee,201 South Monroe Street,4th Floor,Tallahassee,FL,32301,Leon,8507240605,Kato,Natalie,,Kato,Natalie,
60643,Surgi-PAC-Central,PAC,Political Committee,527 East Park Avenue,,Tallahassee,FL,32301,Leon,8504041000,Markford,Chris,,Gantt,Kerri,
60640,Surgi-PAC-North,PAC,Political Committee,527 East Park Avenue,,Tallahassee,FL,32301,Leon,8504041000,Markford,Chris,,Gantt,Kerri,
60641,Surgi-PAC-South,PAC,Political Committee,527 East Park Avenue,,Tallahassee,FL,32301,Leon,8504041000,Markford,Chris,,Gantt,Kerri,
61154,SURPAC,PAC,Political Committee,325 John Knox Road,L103,Tallahassee,FL,32303,Pinellas,8502240711,Colangelo,Kathy,,Geraci,Albert,
5493,System Council U-4 Electro PAC,PAC,Political Committee,3944 Florida Boulevard,,Palm Beach Gardens,FL,33410,Palm Beach,5616242700,Rauch,Scott,,Wilson,Jack,L.
88722,T C Christians for Life,PAC,Political Committee,2112 South US Highway 1,Suite 201,Fort Pierce,FL,34950,St. Lucie,7728345316,Fogal,Christopher,E.,Fogal,Christopher,E.
88601,Take Back Manatee,PAC,Political Committee,3917 Oak Grove Drive,,Sarasota,FL,34243,Sarasota,9416854209,Benac,Elizabeth,,Ugarte,Patsy,
90717,Take Back Sarasota,PAC,Political Committee,Post Office Box 25334,,Sarasota,FL,34277,Sarasota,8504041000,Balot,Dave,,Fenner,Noreen,
89443,Tallahassee Policy and Legislative Affairs Committee,PAC,Political Committee,527 East Park Avenue,,Tallahassee,FL,32301,Leon,8502120226,Colodny,Michael,,Webb,Katherine,
93224,Tallahassee United,PAC,Political Committee,2020 West Pensacola Street,Suite 210-202,Tallahassee,FL,32304,Leon,8503208573,Jones-Haynes,Remera,,Jones-Haynes,Remera,
89457,Tampa Bay Medical Advocacy PAC,PAC,Political Committee,2640-A Mitcham Drive,,Tallahassee,FL,32308,Leon,8508771099,McGlynn,Kim,,Heitmeyer,Rich,
83862,TAMPA PAC,PAC,Political Committee,1211 N. Westshore Blvd.,Suite 800,Tampa,FL,33607,Hillsborough,5014125020,Wright,Andrew,,Becker Jr.,William,F.
89738,Tampa Policy Project,PAC,Political Committee,Post Office Box 9761,,Tampa,FL,33674,Hillsborough,8133443241,L'Herrou,Bradley,,Holsclaw,Travis,
89595,Tampa Visionaries,PAC,Political Committee,301 W. Platt Street,Suite A-379,Tampa,FL,33606,Hillsborough,8132280652,Hall,Tom,,Watkins,Michael,I.
79616,Tampa's Tomorrow,PAC,Political Committee,1212 East Paris Street,,Tampa,FL,33604,Hillsborough,3212775115,Fox,John,T.,Fox,John,T.
60996,Taxpayers Against Insurance Bad Faith,PAC,Political Committee,1234 5th Avenue East,,Tampa,FL,33605,Hillsborough,8132730017,Swope,Dale,,Cathey,Brandon,
75196,Taxpayers for Better Schools,PAC,Political Committee,527 East Park Avenue,,Tallahassee,FL,32301,Leon,8504041000,Fenner,Noreen,,Fenner,Noreen,A.
78948,Taxpayers for Economic Prosperity,PAC,Political Committee,527 East Park Avenue,,Tallahassee,FL,32301,Leon,8504041000,Marino,Maria,,Fenner,Noreen,A.
79944,Taxpayers for Term Limits PC,PAC,Political Committee,5500 Military Trail,NUM 20-202,Jupiter,FL,33458,Palm Beach,5612031253,Delgado,Annie,Marie,Boyer,Walter,
61382,Taxpayers in Action,PAC,Political Committee,610 South Boulevard,,Tampa,FL,33606,Palm Beach,8132543369,Rosenkranz,Howard,,Watkins,Nancy,H.
69437,Teach Florida PAC,PAC,Political Committee,527 East Park Avenue,,Tallahassee,FL,32301,Leon,8504041000,Rosengarten,Yossi,,Fenner,Noreen,A.
73739,Teachers for Public Schools Excellence,PAC,Political Committee,5553 Northwest 36th Street,,Miami Spring,FL,33166,Miami-Dade,3058540220,White,Antonio,,Grimes-Festge,Mindy,
89466,Team JB,PAC,Political Committee,527 East Park Avenue,,Tallahassee,FL,32301,Leon,8504041000,Johnson,Jon,,Fenner,Noreen,
79411,Team McGovern,PAC,Political Committee,9200 Belvedere Road,Suite 102,Royal Palm Beach,FL,33411,Palm Beach,5616899787,Asnani,Rick,,LeeBove,Kim,
89152,Team Messina,PAC,Political Committee,527 East Park Avenue,,Tallahassee,FL,32301,Leon,8504041000,Messina,Chris,,Fenner,Noreen,A.
83685,Team Plasencia,PAC,Political Committee,120 South Monroe Street,,Tallahassee,FL,32301,Leon,8507277087,Plasencia,Susan,,Ramba,David,E.
61032,Teamsters 769 Political Committee,PAC,Political Committee,12365 West Dixie Highway,,North Miami,FL,33161,Miami-Dade,3056426255,Zivalich,Joshua,,Pina,Rolando,
60682,Teamsters Florida PC,PAC,Political Committee,25 Louisiana Avenue Northwest,,Washington,DC,,,2026248738,O Brien,Sean,M.,Zuckerman,Fred,E.
60789,Teamsters Local 79 PAC for Better Government,PAC,Political Committee,5818 East MLK Jr. Boulevard,,Tampa,FL,33619,Hillsborough,8136211391,Rothman,Brian,A.,Sholtes,John,M.
88989,TechNet Florida PAC,PAC,Political Committee,"20 Park Road, Suite E",,Burlingame,CA,94010,,6504018735,Edmonson,David,,Miller,Russell,H.
60508,"TECO Energy, Inc. Employee's Political Action Committee Florida",PAC,Political Committee,Post Office Box 111,,Tampa,FL,336010111,Hillsborough,8132281075,Young,Kevin,A.,Remmers,Chrys,A.
89092,TEMPLE TERRACE FIREFIGHTERS Political Action Committee,PAC,Political Committee,33149 Sand Creek Drive,,Wesley Chapel,FL,33543,Pasco,8134154669,Hassey,Alec,Doc,Gilliam,Andrew,
70346,The Ballot Box PC,PAC,Political Committee,P.O. Box 1655,,Tallahassee,FL,32302,Leon,,Matuga,Beth,Ann,Hollimon,William,
88960,The Committee,PAC,Political Committee,113 South Monroe Street,,Tallahassee,FL,32301,Leon,7864360973,Alvarado,Alex,,Alvarado,Alex,
60529,The Committee for Florida Justice Reform,PAC,Political Committee,215 South Monroe Street,Suite 140,Tallahassee,FL,32301,Leon,8502220170,Large,William,W.,Lannon,Rebecca,
60457,"The Committee for Justice, Transportation and Business",PAC,Political Committee,120 South Monroe Street,,Tallahassee,FL,32301,Leon,8507277087,Ramba,David,E.,Ramba,David,E.
93197,The Committee to Save the Keys,PAC,Political Committee,"2100 Salzedo Street, Suite 200",,Coral Gables,FL,33134,Miami-Dade,3054386528,Evans,Karen,,Fiore,Anthony,
84507,The Coral Gables Way,PAC,Political Committee,11120 N Kendall Drive,Suite 200,Miami,FL,33176,Miami-Dade,3052738008,Menendez,Kirk,R,Puente,Justin,
60936,"The Democracy  Project, Inc.",PAC,Political Committee,1400 Village Square Boulevard,#3-80429,Tallahassee,FL,32312,Miami-Dade,,Donner,Keith,,Donner,Keith,
60975,The Doctors Company Florida PAC,PAC,Political Committee,185 Greenwood Road,,Napa,CA,,,7072260214,Healy,Elizabeth,,Healy,Elizabeth,
83725,"The Florida Association of Community Health Centers, Inc. PAC (FACHC PAC)",PAC,Political Committee,610 South Boulevard,,Tampa,FL,33606,Hillsborough,8132543369,Dunn,Janelle,,Watkins,Nancy,H.
60548,The Florida Committee for Water Quality PC,PAC,Political Committee,120 South Monroe Street,,Tallahassee,FL,32301,,8507277087,Fralix,Philip,,Ramba,David,E.
61024,The Florida Heritage PC,PAC,Political Committee,1729 La Maderia Drive SW,,Palm Bay,FL,32908,Brevard,3219602378,Altman,Thad,,Holton,Tres,
89193,The Florida Project,PAC,Political Committee,12630 NE MIAMI Court,,Miami,FL,33161,Miami-Dade,7865154777,Bay,Tessa,,Peth,Alicia,
83843,The Future Now,PAC,Political Committee,4914 SW 72 Avenue,,Miami,FL,33155,Miami-Dade,3054450777,Sanchez,Javier,Tomas,Riesco,Jose,A
89388,The Gift Of Sound and Vision,PAC,Political Committee,1456 West 39th Place,,Hialeah,FL,33012,Miami-Dade,3053425796,Morejon,Javier,,Morejon,Javier,
89518,The Golden Rule PAC,PAC,Political Committee,10141 West Commercial Blvd,,Tamarac,FL,33351,Broward,9547208300,Adejola,Ameerah,S.,Adejola,Ameerah,S.
83849,The Hillsborough Society PC,PAC,Political Committee,13046 Race Track Road,Suite 248,Tampa,FL,33626,Hillsborough,8139510117,Dudley,Peyton,M.,Vercher,Jason,
84801,The Law and Order PAC,PAC,Political Committee,527 East Park Avenue,,Tallahassee,FL,32301,Brevard,8504041000,Jarnes,Larry,,Fenner,Noreen,A.
84254,The Partnership for An Affordable Florida,PAC,Political Committee,Post Office Box 246,,Crestview,FL,32536,Okaloosa,8132543369,Gaetz,Don,,Watkins,Nancy,H
88923,The Pelican Political Action Committee,PAC,Political Committee,30725 Highway 19 North 245,,Palm Harbor,FL,34684,Pinellas,9046730084,Bogen,Adrienne,,Philipczyk,Brandon,
89210,The People,PAC,Political Committee,Post Office Box 30295,,Fort Lauderdale,FL,33303,Broward,9547670300,Morano,Alison,,Blank,Jason,B.
79132,The People Versus The Powerful,PAC,Political Committee,2350 Kerner Boulevard,Suite 250,San Rafael,CA,94901,Miami-Dade,4153896800,Gonzalez,Andy,,Kaune,Jason,
83526,The People's Voice,PAC,Political Committee,Post Office Box 122,,Tallahassee,FL,32302,Leon,3056978302,Cid,Manny,,Camara,Christian,R.
70468,The Right Future For Florida,PAC,Political Committee,5901 SW 74th Street,Suite 400,Miami,FL,33143,Miami-Dade,3059344319,Aloupis,Vance,,Puerto,Richard,F.
84197,The Right Path For Florida,PAC,Political Committee,2100 Salzedo Street,Suite 200,Coral Gables,FL,33134,Miami-Dade,3054386528,Redondo,Michael,,Fiore,Anthony,
78838,The Rotten Egg PC,PAC,Political Committee,1722 Northwest 80th Boulevard,Suite 90,Gainesville,FL,32606,Alachua,3522755004,Jones,William,S.,Jones,William,S.
74540,The Southern Group of Florida Political Committee,PAC,Political Committee,Post Office Box 10570,,Tallahassee,FL,32302,Leon,8506714401,Cavany,Adria,,Heitmeyer,Rich,
74539,The Southern Group Political Committee,PAC,Political Committee,Post Office Box 10570,,Tallahassee,FL,32302,Leon,8506714401,Cavany,Adria,,Heitmeyer,Rich,
78946,The TMN Florida PAC of The Mentor Network,PAC,Political Committee,6600 France Avenue South,Suite 350,Edina,MN,55435,,6177904208,Morrissey,Gerry,,Kozakis,Chris,
89196,Thriving Together,PAC,Political Committee,Post Office Box 5494,,Lakeland,FL,33807,Polk,3057442975,Reyes,Genesis,,Reyes,Genesis,
80727,Tiffany for Florida,PAC,Political Committee,1375 Jackson Street,Suite 202,Ft. Myers,FL,33901,Lee,8502120226,Esposito,Tiffany,,Fenner,Noreen,
60692,TIGER Pride,PAC,Political Committee,21322 Lake Patience Rd,,Land O' Lakes,FL,34639,Pasco,8139962119,Peace,Donald,,Englander,Mark,
60661,Title Industry of Florida PAC,PAC,Political Committee,527 East Park Avenue,,Tallahassee,FL,32301,Leon,8504041000,Merritt,Scott,,Fenner,Noreen,A.
83796,To Establish Justice and Promote the General Welfare P. C.,PAC,Political Committee,"253 Northeast 2nd Street, #434",,Miami,FL,33132,Miami-Dade,2127296672,Jacobs,Bruce,,Meléndez,Eleazar,
83944,Together For A Brighter Tomorrow,PAC,Political Committee,1100 Southwest 96th Terrace,,Pembroke Pines,FL,33025,Broward,3054942899,Jouissance,Raymonde,,Pierre-Canel,Aland,
83959,Together For Florida,PAC,Political Committee,Post Office Box 30295,,Fort Lauderdale,FL,33303,Broward,9547670300,Haber,Jason,H,Blank,Jason,B
89458,Together Tallahassee,PAC,Political Committee,Post Office Box 1701,,Tallahassee,FL,323021701,Leon,8505674878,Herron,Mark,,Herron,Mark,
83515,Together We Can,PAC,Political Committee,Post Office Box 11323,,Tallahassee,FL,32302,Leon,8509382831,Maddox,Nick,,Gay,Andrew,
93212,Together We Rise,PAC,Political Committee,Post Office Box 9761,,Tampa,FL,33674,Hillsborough,8133443241,L'Herrou,Bradley,,Holsclaw,Travis,
71236,Together We Stand,PAC,Political Committee,Post Office Box 30295,,Fort Lauderdale,FL,33303,Broward,9547670300,Blank,Jason,B,Blank,Jason,B.
87550,Together We Win!,PAC,Political Committee,Post Office Box 1701,,Tallahassee,FL,32302,Leon,8505674878,Herron,Mark,,Herron,Mark,
88789,Topple Tyranny,PAC,Political Committee,10460 Roosevelt Blvd #315,,St. Petersburg,FL,33716,Pinellas,4073836026,Smith,Lauren,,Eliason,Ryan,
84352,TOW PAC,PAC,Political Committee,526 East Park Avenue,,Tallahassee,FL,32301,Leon,8505666203,Cortes,Bob,,Doster,Russell,
84407,Tractor PC,PAC,Political Committee,"4522 W Village Drive, #655",#655,Tampa,FL,33624,Lake,8135230326,Cobb,Nan,,White,Wendy,
88702,Trailblazers of Tomorrow,PAC,Political Committee,Post Office Box 411202,,Melbourne,FL,32941,Brevard,3212093030,Madl,Max,,Madl,Max,
85273,Transforming Florida PC,PAC,Political Committee,701 South Howard Avenue,#106-813,Tampa,FL,33606,Hillsborough,8137330070,Brundage,Ashley,,Brill,Jonathan,
84625,Transparency & Accountability for Miami,PAC,Political Committee,4914 Southwest 72 Avenue,,Miami,FL,33155,Miami-Dade,3055295440,Reyes,Manuel,,Miranda,Jeannine,R.
89551,Transparency & Accountability in Government,PAC,Political Committee,4914 Southwest 72 Avenue,,Miami,FL,33155,Miami-Dade,3054450777,Umpierres,Justin,,Miranda,Jeannine,Riesco
84161,Transparency and Accountability for Miami-Dade County,PAC,Political Committee,255 Alhambra Circle,Suite 640,Coral Gables,FL,33134,Miami-Dade,3056772707,Suarez,Jesus,M.,Fiore,Anthony,
74915,Transparency In Government PC,PAC,Political Committee,4914 Southwest 72 Avenue,,Miami,FL,33155,Miami-Dade,3054450777,Barreiro,Bruno,,Riesco,Jose,A.
74362,Treasure Coast Conservative Coalition,PAC,Political Committee,P.O. Box 10205,,Tallahassee,FL,32302,Leon,8504430243,Hetherington,Stacey,,Zubaly,Mark,
83524,Treasure Coast Leadership Fund,PAC,Political Committee,844 Southwest Tulip Boulevard,,Port St. Lucie,FL,34953,Martin,7722618100,Bonna,Anthony,,Milner,Debbie,
70031,Treasure Florida,PAC,Political Committee,2640-A Mitcham Drive,,Tallahassee,FL,32308,Leon,8508771099,Penrod,Peter,,Dupree,Abby,
60536,"TREEPAC PC, Inc.",PAC,Political Committee,402 East Jefferson Street,,Tallahassee,FL,32301,Leon,8502225646,Varn,Brittany,,Harvard,Krista,
83802,Tri-Cities Progress,PAC,Political Committee,613 Southwest 3rd Street,,Belle Glade,FL,33430,Palm Beach,8502120226,Gaines,Loretta,,Fenner,Noreen,A.
88615,True American Pac,PAC,Political Committee,1249 Waterfall Drive,,Spring Hill,FL,34608,Hernando,3525855404,Carroll,John,,Carroll,John,
79432,True Conservatives,PAC,Political Committee,115 E. Park Avenue,Suite 1,Tallahassee,FL,32301,Leon,3522755004,Jones,William,,Jones,William,S.
88440,True Conservatives for Advancement of Putnam,PAC,Political Committee,527 East Park Avenue,,Tallahassee,FL,32301,Leon,8504041000,Harvey,Larry,,Fenner,Noreen,A.
79228,True Freedom PC,PAC,Political Committee,4914 SW 72 Avenue,,Miami,FL,33155,Miami-Dade,3054450777,Fabricio,Laura,,Riesco,Jose,A.
93213,True Voice,PAC,Political Committee,Post Office Box 30265,,Fort Lauderdale,FL,33303,Broward,9547670300,McCray,Carolyn,,Blank,Jason,B.
60539,Truist Florida PAC,PAC,Political Committee,"1001 Semmes Avenue, 1st Floor",,Richmond,VA,23224,,8042910783,Pennekamp,Thomas,M.,Schutte,Kevin,
88532,Trust & Probate PAC,PAC,Political Committee,Post Office Box 391,,Tallahassee,FL,32302,Leon,8502145130,Butters,Sarah,,Edenfield,Martha,
65859,Trusted Leadership Political Committee,PAC,Political Committee,Post Office Box 1701,,Tallahassee,FL,32302,Leon,8505674878,Herron,Mark,,Herron,Mark,
88543,Truth Against Corruption,PAC,Political Committee,Post Office Box 20252,,St. Petersburg,FL,33742,Pinellas,5616667944,Evans,Ron,Kenneth,Jodoin,Jamie,C.
85161,Truth Matters PC,PAC,Political Committee,1722 Northwest 80th Boulevard,Suite 90,Gainesville,FL,32606,Alachua,3522755004,Jones,William,S.,Jones,William,S.
78886,Two Arrows,PAC,Political Committee,2521 Hollywood Boulevard,,Hollywood,FL,33020,Broward,9549275900,Austin,Jean-Philippe,,Davis,Shaun,
74216,"TWU Local 291 Political Action Committee, Inc.",PAC,Political Committee,6355 Northwest 36th Street,Suite 502,Virginia Gardens,FL,33166,Miami-Dade,3055268077,D'Elia,Joseph,,Robinson,Monique,
84521,Tzedek for All,PAC,Political Committee,5609 Northwest 22nd Place,,Gainesville,FL,32605,Alachua,3526426204,Maggio,James,,Rich,Shayna,
60451,UFCW Local 1625 PAC,PAC,Political Committee,5600 U.S. Highway 98 N Ste. 3,,Lakeland,FL,33809,Polk,8636861625,Chambers,Ed,,Draper,Jody,
80046,UnidosUS Action PAC,PAC,Political Committee,1126 16th Street Northwest,Suite 600,Washington,DC,20036,Leon,7034477113,Collazo,Rafael,,Nordlund,Jared,
78972,Unifying Leadership for Florida,PAC,Political Committee,527 East Park Avenue,,Tallahassee,FL,32301,Leon,8504041000,Piccolo,Thomas,,Fenner,Noreen,A.
89429,Unite 305 Activists,PAC,Political Committee,717 Ponce de Leon Blvd,Suite 326,Coral Gables,FL,33134,Miami-Dade,3059843004,Snay,Bentonne,,Moscowitz,Jane,
71136,Unite Here Florida PAC,PAC,Political Committee,"275 7th Avenue, 16th Floor",,New York,NY,10001,Miami-Dade,7863028378,Walsh,Wendi,,Tannu,Zaina,
79795,United As One PAC,PAC,Political Committee,1360 Northeast 140th Street,,North Miami,FL,33161,Miami-Dade,7865538573,Cobo,Ana,Maria,Pierre-Canel,Aland,
78947,United Citizens Leading Reform,PAC,Political Committee,1563 Capital Circle SE #142,,Tallahassee,FL,32301,Leon,8507240605,Kato,Natalie,,Kato,Natalie,
93226,United Citizens of Hallandale Beach,PAC,Political Committee,Post Office Box 1701,,Tallahassee,FL,323021701,Leon,8505674878,Herron,Mark,,Herron,Mark,
69320,United Conservatives For Florida,PAC,Political Committee,133 S. Harbor Drive,,Venice,FL,34285,Polk,9414887794,Frey,Skylar,Lee,Robinson,Eric,
60671,United Faculty of Florida Political Action Committee,PAC,Political Committee,"115 N. Calhoun St., Ste 6",,Tallahassee,FL,32301,Leon,8502248220,Gothard,Andrew,,Atkins,Kelly,
60662,United Faculty of Miami Dade College PC,PAC,Political Committee,11420 North Kendall Drive,Suite 107,Miami,FL,33176,Miami-Dade,3052790021,Philippe,Lomer,Pierre,Kreider,Anthony,Joseph
89514,United for Florida,PAC,Political Committee,527 East Park Avenue,,Tallahassee,FL,32301,Leon,8504041000,Piccolo,Tom,,Fenner,Noreen,
74015,United for Florida's Future,PAC,Political Committee,P. O. Box 20252,,St. Petersburg,FL,33742,Leon,8133357472,Fetterhoff,Elizabeth,,Jodoin,Jamie,C.
89165,United in Purpose Florida,PAC,Political Committee,610 South Boulevard,,Tampa,FL,33606,Hillsborough,8132543369,Mandrino,Mark,Timothy,Watkins,Nancy,H.
83458,United Jacksonville,PAC,Political Committee,7749 Normandy Blvd,Suite 121-805,Jacksonville,FL,32221,,3522755004,Jones,William,S.,Jones,William,S.
60695,"United Teachers of Dade TIGER-COPE, Inc.",PAC,Political Committee,5553 Northwest 36th Street,,Miami Springs,FL,33166,Miami-Dade,3058540220,White,Antonio,,Grimes-Fetge,Mindy,
89779,United To Win,PAC,Political Committee,c/o Gloria Maggiolo,"6619 S. Dixie Highway, #148",Miami,FL,33143,Miami-Dade,7865350158,Lucena,Samuel,Aldana,Maggiolo,Gloria,
88909,United Vision PAC,PAC,Political Committee,4914 SW 72 Avenue,,Miami,FL,33155,Miami-Dade,3054450777,Perez,Gelien,,Miranda,Jeannine,R.
89189,UNITED WE STAND SWFL,PAC,Political Committee,Post Office Box 1983,,Fort Myers,FL,33902,Lee,2399947922,Pendergrass,Cecil,,Pendergrass,Jodi,
88579,Uniting Our Neighborhoods,PAC,Political Committee,527 East Park Avenue,,Tallahassee,FL,32301,Leon,8504041000,Ralston,Foyt,,Fenner,Noreen,
89237,Unity For The Community,PAC,Political Committee,Post Office Box 30265,,Ft. Lauderdale,FL,33303,Broward,9547670300,Brook,Scott,J.,Blank,Jason,B.
64496,V-PAC,PAC,Political Committee,527 East Park Avenue,,Tallahassee,FL,32301,Leon,8504041000,Sudbury,Aaron,,Whelihan,Maureen,
70782,Venture PAC,PAC,Political Committee,1400 Village Square Boulevard,Suite 3-251,Tallahassee,FL,32312,Leon,8504257800,Moya,Chris,,Ungru,Jennifer,
60510,Verizon State PAC,PAC,Political Committee,5055 Northpoint Parkway,,Alpharetta,GA,30022,Leon,8139782187,Barnard,Margaret,,Davis,Robert,
75217,Very Conservative,PAC,Political Committee,"115 East Park Avenue, Suite 1",,Tallahassee,FL,32301,Leon,3522755004,Jones,William,S.,Jones,William,S.
79588,Veterans for Florida,PAC,Political Committee,1722 Northwest 80th Blvd,Suite 90,Gainesville,FL,32606,Leon,3522755004,Jones,William,S,Jones,William,S.
83738,Veterans with Purpose,PAC,Political Committee,1563 SW Fresno Road,,Port St. Lucie,FL,34953,Martin,7722618100,Cannon,Brandon,,Millner,Debbie,
74707,Victory Now,PAC,Political Committee,120 South Monroe Street,,Tallahassee,FL,32301,Leon,8507277087,Joseph,Dotie,,Ramba,David,E.
80728,Vision & Integrity for Florida,PAC,Political Committee,2640-A Mitcham Drive,,Tallahassee,FL,32308,Miami-Dade,8508771099,Calatayud,Alexis,Maria,Heitmeyer,Rich,
89242,Vision To Victory,PAC,Political Committee,4846 N. University Drive,Suite 245,Lauderhill,FL,33351,Broward,9547271770,Metelus,Jennyfer,,Metelus,Jennyfer,
60591,Voice of Florida Business Political Action Committee,PAC,Political Committee,Post Office Box 10085,,Tallahassee,FL,323022085,Leon,8502247173,Bevis,Brewster,B.,Trickey,Stephen,B.
79860,Voice of the People,PAC,Political Committee,2114 N Flamingo Road,#1401,Pembroke Pines,FL,33028,Broward,9545938826,Rose,Amy,,Rose,Amy,
89186,Voices of Change,PAC,Political Committee,12790 W Dixie Hwy,,North Miami,FL,33161,Polk,3058928565,Bell,Raymonde,Anite,Pierre-Canel,Aland,
86436,Voices of Reason for Florida,PAC,Political Committee,610 South Boulevard,,Tampa,FL,33606,Hillsborough,8132543369,Stephenson,Mary,,Watkins,Nancy,H.
83733,Voicing Parental Rights,PAC,Political Committee,4914 SW 72 Avenue,,Miami,FL,33155,Miami-Dade,3054450777,Espino,Daniel,,Riesco,Jose,A.
85155,Volusia Peacekeepers,PAC,Political Committee,Post Office Box 470849,,Lake Monroe,FL,32747,Seminole,4077926365,Sturgill,Scott,,Sturgill,Scott,
79452,Volusia Young Democrats,PAC,Political Committee,3900 Yorktowne Blvd #3402,,Port Orange,FL,32129,Volusia,3868714618,Cox,Gavin,,Burnette,Matthew,
84162,"Vote Blue Network of Florida, Inc.",PAC,Political Committee,122 15th Avenue North,,St. Petersburg,FL,33704,Pinellas,7274246987,Fahy,Mary,,Cote,Kathleen,
78841,Vote Differently,PAC,Political Committee,"115 East Park Avenue, Suite 1",,Tallahassee,FL,32301,Leon,3522755004,Jones,William,S.,Jones,William,S.
92021,Vote No on 3,PAC,Political Committee,"701S. Howard Avenue, #106-813",,Tampa,FL,33606,Hillsborough,8137856335,Desloge,Bryan,,Brill,Jonathan,
64941,Voters for Economic Growth PC,PAC,Political Committee,120 South Monroe Street,,Tallahassee,FL,32301,Leon,8507277087,Ramba,David,E,Grigsby,Thomas,
74653,Voters for Truth PC,PAC,Political Committee,Post Office Box 30295,,Fort Lauderdale,FL,33303,Broward,9547670300,Haber,Jason,H.,Blank,Jason,B.
79538,"Voters in Control, Inc.",PAC,Political Committee,9200 Belvedere Road,Suite 202,West Palm Beach,FL,33411,Palm Beach,5616899787,Asnani,Pradeep,,LeeBove,Kim,
60612,Wackenhut PAC,PAC,Political Committee,527 East Park Avenue,,Tallahassee,FL,32301,Leon,8504041000,Levine,Drew,,Fenner,Noreen,A.
84698,Wake Up Miami,PAC,Political Committee,11120 North Kendall Drive,Suite 200,Miami,FL,33176,Miami-Dade,3052738008,Bayona,Yvonne,A.,Puente,Justin,
85020,Warriors of Change,PAC,Political Committee,Post Office Box 621935,,Oviedo,FL,32762,Orange,3213487067,Douglas,Nate,,Douglas,Nate,
84178,Waymaker PAC,PAC,Political Committee,527 East Park Avenue,,Tallahsassee,FL,32301,Leon,8504041000,Miles,Christopher,,Fenner,Noreen,A
60723,WCFFL Political Committee,PAC,Political Committee,Post Office Box 76108,,Tampa,FL,33675,Hillsborough,3869168902,Yocum,Stephanie,,Simon,Stephen,
79869,We All Should Help PC,PAC,Political Committee,2051 Country Club Drive,,Tallahassee,FL,32301,Leon,8507240605,Kato,Natalie,,Kato,Natalie,
88530,We Can Do Better Miami,PAC,Political Committee,"2100 Salzedo Street, Suite 200",,Coral Gables,FL,33134,Miami-Dade,3054386528,Vega,Alberto,,Fiore,Anthony,
89689,We Deserve Better,PAC,Political Committee,Post Office Box 4864,,Clearwater,FL,33758,Pinellas,7276428946,Baker,Gary,H.,Baker,Gary,H.
88942,We Love Pembroke Pines,PAC,Political Committee,8403 Pines Boulevard #1014,,Pembroke Pines,FL,33024,Miami-Dade,9545938826,Rose,Amy,,Rose,Amy,
79305,We the People,PAC,Political Committee,"3810 Murrell Road, Suite 9001",,Rockledge,FL,32955,Brevard,3218065862,Gattle,Josiah,,Sanchez,Paige,
80068,We The People Elect Patriots,PAC,Political Committee,216 Sea Island Dr.,,Ponte Vedra Beach,FL,32082,St. Johns,2023658741,Janowiecki,Martin,,Janowiecki,Martin,
89171,We the People of Florida PC,PAC,Political Committee,527 East Park Avenue,,Tallahassee,FL,32301,Leon,8504041000,Graham,Jessica,,Fenner,Noreen,A.
88655,We Win Together,PAC,Political Committee,9200 Belvedere Road,Suite 202,West Palm Beach,FL,33411,Palm Beach,5616899787,Leonard,Charlotte,,LeeBove,Kim,
91790,Weldon for Florida,PAC,Political Committee,527 East Park Avenue,,Tallahassee,FL,32301,Leon,8504041000,Weldon,Dan,,Fenner,Noreen,A
89800,Wellington Residents Working Together,PAC,Political Committee,6901 Okeechobee Boulevard,Suite D5-L52,West Palm Beach,FL,33411,Palm Beach,5616857663,Guerrero,Sergio,,Guerrero,Sergio,
61075,Wells Fargo Florida Employees Good Government Fund,PAC,Political Committee,600 S. 4th Street,Floor 11 - MAC N9300-110,Minneapolis,MN,55415,,6126672589,Ganoe,Donovan,E,Ganoe,Donovan,E
60751,West Central Florida Chamber Alliance,PAC,Political Committee,Post Office Box 11309,,Tallahassee,FL,32302,Leon,8505211200,Walker,Frank,,DeWitt,Parker,
89386,West Central Florida Labor Council PC,PAC,Political Committee,730 East Davidson Street,,Bartow,FL,33830,Polk,8635330908,Yocum,Stephanie,,Loveitt,Robert,
25893,West Central Florida P.B.A. Political Action Committee,PAC,Political Committee,602 South Blvd,,Tampa,FL,336060000,Hillsborough,8132513914,Marolda,Nick,,Mchale,Michael,
60476,West Orange Political Alliance Inc.,PAC,Political Committee,12184 West Colonial Drive,,Winter Garden,FL,34787,Orange,4076561304,Jonasen,Jeff,,Genske,Neota,
89051,West Palm Beach FOP,PAC,Political Committee,Post Office Box 3171,,West Palm Beach,FL,334023171,Palm Beach,5614258451,Sniffen,James,,Camara,Christian,R.
85080,WGI Infrastructure PAC,PAC,Political Committee,2035 Vista Parkway,,West Palm Beach,FL,33411,Palm Beach,5616872220,Wantman,David,,Jodoin,Jamie,C.
79329,Wilson Project for Florida PC,PAC,Political Committee,P.O. Box 11551,,St. Petersburg,FL,33733,Pinellas,7276196398,Newton,Melissa,,Newton,Melissa,
60910,Wine and Spirits Distributors of Florida Political Committee,PAC,Political Committee,Post Office Box 361,,Tallahassee,FL,32302,Leon,8506812425,Ashley,Scott,T.,Ashley,Scott,T.
79430,Winning For Florida,PAC,Political Committee,Post Office Box 30295,,Fort Lauderdale,FL,33303,Broward,9547670300,Haber,Jason,H.,Blank,Jason,B.
74643,Women Building the Future,PAC,Political Committee,115 East Park Avenue,Suite 1,Tallahassee,FL,32301,Leon,3522755004,Jones,William,S.,Jones,William,S.
88621,Women With Florida in Mind,PAC,Political Committee,8088 Buttonwood Circle,,Tamarac,FL,33321,Broward,9548952868,Dunbar,Alicia,,Dunbar,Alicia,
73697,"Words Matter, Inc.",PAC,Political Committee,Post Office Box 30265,,Fort Lauderdale,FL,33303,Broward,9547670300,Haber,Jason,H.,Blank,Jason,B.
83513,Working for Florida,PAC,Political Committee,"1563 Capital Circle SE, #142",,Tallahassee,FL,32301,Leon,8507240605,Figueroa,Jorge,,Kato,Natalie,
62432,Working Together For Florida PAC,PAC,Political Committee,133 South Harbor Drive,,Venice,FL,34285,Sarasota,9414887794,Robinson,Eric,,Robinson,Eric,
78940,Working Together PC,PAC,Political Committee,1563 Capital Circle SE #93,,Tallahassee,FL,32301,Leon,8507240605,Kato,Natalie,,Kato,Natalie,
84204,WPB Leadership Fund,PAC,Political Committee,Post Office Box 1701,,Tallahassee,FL,32302,Leon,8505674878,Weiss,Gregg,,Herron,Mark,
79898,WREN PC,PAC,Political Committee,201 West Park Avenue,#100,Tallahassee,FL,32301,Leon,,Camara,Christian,R.,Camara,Christian,R.
74290,Write the Vision PC,PAC,Political Committee,12545 Itani Way,,Jacksonville,FL,32225,Duval,7276985719,Townes,Lisa,,Townes,Ronnie,
83551,Yeager For Florida,PAC,Political Committee,"5500 Riva del Place, #205",,New Port Richey,FL,34652,Hillsborough,8636697580,Yeager,Brad,,White,Wendy,
84438,YOLO PAC,PAC,Political Committee,311 West Ashley Street,Unit 506,Jacksonville,FL,32202,Duval,8139473007,Nurse,Christopher,,Nurse,Christopher,
89404,Young Democrats of Orange County,PAC,Political Committee,1337 Quailey Street,,Orlando,FL,32804,Orange,4074515102,Menendez,Zane,Michael,Smith,Maxwell,
73696,Young Professionals for Florida,PAC,Political Committee,Post Office Box 30265,,Fort Lauderdale,FL,33303,Broward,9547670300,Haber,Jason,H.,Blank,Jason,B.
88895,"Your Voice, Your Gables",PAC,Political Committee,6619 S Dixie Highway No.148,,Miami,FL,33143,Miami-Dade,3056472666,Miro,Claudia,,Maggiolo,Gloria,
69537,Florida Democratic Legislative Campaign Committee,PAP,Affiliated Party Committee,Post Office Box 1701,,Tallahassee,FL,32302,Leon,8505674878,Davis,Tracie,,Herron,Mark,
83518,Florida House Democratic Campaign Committee,PAP,Affiliated Party Committee,Post Office Box 1655,,Tallahassee,FL,32302,Leon,8505674878,Hunschofsky,Christine,,Herron,Mark,
74084,Florida House Republican Campaign Committee,PAP,Affiliated Party Committee,527 East Park Avenue,,Tallahassee,FL,32301,Leon,8504041000,Garrison,Sam,,Fenner,Noreen,
64386,"Florida Republican Senatorial Campaign Committee, Inc.",PAP,Affiliated Party Committee,2640-A Mitcham Drive,,Tallahassee,FL,32308,Leon,8507391523,Boyd,Jim,,Dupree,Abby,
89223,America First Party of Florida,PTY,Party Executive Committee,2406 East State Road 60 #613,,Valrico,FL,33594,Hillsborough,4075697111,Arguello,Jon,,Kelly,Charles,
88571,American Solidarity Party of Florida,PTY,Party Executive Committee,6207 Shadow Tree Lane,,Lake Worth,FL,33463,,,Lerma,Daniel,,McNamara,Nicholas,
83945,Boricua Party,PTY,Party Executive Committee,4735 Tarrega Street,,Sebring,FL,33872,Highlands,7274183970,Nieves,Edwin,H.,Velazquez,Joseph,Henry
83478,Coalition With A Purpose Party,PTY,Party Executive Committee,209 Flounder Way,,Kissimmee,FL,34759,Polk,,Torres,Michael,S.,Wiscovitch,Abigail,
83690,Conservative Party of Florida,PTY,Party Executive Committee,9200 Northwest 39th,Suite 130 #17,Gainesville,FL,32606,Alachua,3523271151,Westbrook,Keith,C.,Santiago,Jason,R.
30592,Constitution Party of Florida,PTY,Party Executive Committee,6433 Gasparilla Pines Blvd,Unit 307,Englewood,FL,34224,Orange,9416625628,Phillips,Mark,,Harper,Lewis,
45815,Ecology Party of Florida,PTY,Party Executive Committee,641 SW 6th Avenue,,Fort Lauderdale,FL,333150000,Broward,8884622468,Campbell,Cara,,Hecker,Gary,
1539,Florida Democratic Party,PTY,Party Executive Committee,201 South Monroe Street,Suite 300,Tallahassee,FL,323010000,Leon,8502223411,Fried,Nicole,H.,Hodge,Wes,
83885,Florida Forward Party,PTY,Party Executive Committee,1772 BRIGHTWATERS BLVD NE,,St Petersburg,FL,33704,Leon,,Hooper,Todd,Lewis,Granite,Ronald,
9192,Green Party of Florida,PTY,Party Executive Committee,2695 Hayden Dr,,Lake Worth,FL,33461,Hillsborough,5612475164,Kpadenou,Samson,LeBeau,Frost,Aaron,
69767,Independent Party of Florida,PTY,Party Executive Committee,"700 Starkey Road, Suite 365",,Largo,FL,337712334,,,Bach,Ernest,Wm.,Abrams,Sadie,
88730,Jeffersonian Party of Florida,PTY,Party Executive Committee,13585 North Tamiami Trail,Suite 12 #1015,Naples,FL,34110,Collier,9012078897,Davis,Cody,,Bryan,Michael,
3402,Libertarian Party of Florida,PTY,Party Executive Committee,1260 Lake Helen Osteen Road,,Lake Helen,FL,32744,Volusia,8443523733,Appler,Edward,,Delacruz,Juana,
89139,MGTOW Party,PTY,Party Executive Committee,871 Northeast Town Terrace,,Jensen Beach,FL,34957,Martin,3233572750,Metwally,Amr,,Wooley,Nick,
46324,Party for Socialism and Liberation - Florida,PTY,Party Executive Committee,11543 Woodleaf Drive,,Bradenton,FL,34211,Broward,3158770674,Beltran,Ruth,,Brummet,Sarah,
4700,Republican Party of Florida,PTY,Party Executive Committee,420 East Jefferson Street,,Tallahassee,FL,32301,Leon,8502227920,Power,Evan,,Moberley,Mike,
90604,We the People Florida,PTY,Party Executive Committee,"444 NE 7th Street, Apt 1218",,Fort Lauderdale,FL,33304,Broward,9545937546,Garvia,Maddie,,Taylor,Evan,